id;model;klasa;cena;rok;przebieg;pojemnosc_silnika;skrzynia_biegow;link
1;Renault Megane;C;0.47777777777777775;2003;333;1598;Manualna;otomoto.pl/osobowe/oferta/renault-megane-renault-megane-dobra-cena-ID6Gis7a.html
32;Renault Scenic;MC;0.8666666666666667;2004;375;1598;Manualna;otomoto.pl/osobowe/oferta/renault-scenic-1-6-16v-klima-polska-ID6GA1d6.html
112;Renault Kangoo;X;1.5555555555555556;2003;420;1598;Manualna;otomoto.pl/osobowe/oferta/renault-kangoo-renault-kangoo-helios-1-6-16v-srebrny-metalik-ID6GBuNv.html
115;Renault Kangoo;X;1.6;2005;316;1149;Manualna;otomoto.pl/osobowe/oferta/renault-kangoo-reanult-kangoo-1-2-2005r-ID6GzYyA.html
117;Renault Scenic;MC;1.6222222222222222;2004;390;1598;Manualna;otomoto.pl/osobowe/oferta/renault-scenic-1-6-16v-klima-zarejestrowany-w-pl-ew-zamiana-ID6G0FD0.html
150;Renault Espace;X;1.7777777777777777;2007;343;3498;Automatyczna;otomoto.pl/osobowe/oferta/renault-grand-espace-iv-3-5-v6-initiale-paris-oferta-prywatna-ID6Gdt02.html
160;Renault Espace;X;1.8888888888888888;1999;312;1998;Manualna;otomoto.pl/osobowe/oferta/renault-grand-espace-2-0-8v-115km-sprawna-klimatyzacja-ladny-zadbany-7-miejsc-film-ID6GzrvB.html
305;Renault Megane;C;2.6664444444444446;2009;316;1598;Manualna;otomoto.pl/osobowe/oferta/renault-megane-renault-megane-iii-ID6GoytB.html
343;Renault Vel Satis;X;2.888666666666667;2008;310;3498;Automatyczna;otomoto.pl/osobowe/oferta/renault-vel-satis-bezwypadkowy-3-5v6-lpg-2008-rok-automat-ID6Gzzx2.html
355;Renault Megane;C;3.0;2010;420;1598;Manualna;otomoto.pl/osobowe/oferta/renault-megane-renault-megane-2010-1-6-16v-manual-klimatyzacja-pierwszy-wlasciciel-ID6GARfL.html
498;Renault Megane;C;3.755555555555555;2011;316;1997;Manualna;otomoto.pl/osobowe/oferta/renault-fluence-2-0i-140km-klimatronic-tempomat-parktronic-serwis-oplacony-ID6GvUZ2.html
505;Renault Espace;X;3.755555555555555;2009;339;3498;Automatyczna;otomoto.pl/osobowe/oferta/renault-grand-espace-renault-grand-espace-lift-3-5-v6-initiale-xenon-panorama-dach-7-osob-ID6GDgJR.html
567;Renault Megane;C;4.111111111111111;2010;305;1397;Manualna;otomoto.pl/osobowe/oferta/renault-megane-ID6GD623.html
629;Renault Scenic;MC;4.355555555555556;2013;340;1197;Manualna;otomoto.pl/osobowe/oferta/renault-scenic-renault-scenic-1-2tce-2013r-salon-polska-ID6Gv905.html
708;Renault Megane;C;4.691111111111111;2010;352;1397;Manualna;otomoto.pl/osobowe/oferta/renault-megane-grandtour-1-4-tce-2010-r-privilege-silnik-po-regenracji-ID6GA22U.html
818;Renault Espace;X;5.266666666666667;2007;317;1998;Manualna;otomoto.pl/osobowe/oferta/renault-grand-espace-2-0-turbo-benzyna-170kmprivilege7-oshands-freenavicabassetv-ID6GDrV6.html
2047;Renault Captur;SB;14.377777777777778;2019;982;898;Manualna;otomoto.pl/osobowe/oferta/renault-captur-982-km-przebiegu-pl-salon-nowe-auto-najnizszy-przebieg-w-pl-ID6GBpTw.html
2105;Renault Clio;B;15.311111111111112;2023;500;999;Manualna;otomoto.pl/osobowe/oferta/renault-clio-clio-1-0-tce-equilibre-90km-ID6GBaXq.html
2364;Renault Captur;SB;21.444444444444443;2023;713;999;Manualna;otomoto.pl/osobowe/oferta/renault-captur-1-0-tce-techno-od-dealera-fv-23-ID6GsTpr.html
2389;Renault Clio;B;22.200000000000003;2023;335;1332;Manualna;otomoto.pl/osobowe/oferta/renault-clio-rs-line-1-3-tce-140-km-salon-pl-niski-przebieg-fv-23-ID6GAJyK.html
2495;Renault Arkana;X;27.08888888888889;2022;503;1332;Automatyczna;otomoto.pl/osobowe/oferta/renault-arkana-1-3-tce-mhev-r-s-line-edc-demo-niski-przebieg-gwarancja-ID6Gmf0Y.html
2569;Renault Austral;X;32.22;2023;339;1332;Automatyczna;otomoto.pl/osobowe/oferta/renault-austral-techno-mild-hybrid-160-auto-samochod-demo-zyskaj-az-32-910-zl-ID6FFW6G.html
2681;Hyundai Coupe;X;1.911111111111111;2002;306;1975;Manualna;otomoto.pl/osobowe/oferta/hyundai-coupe-hyundai-coupe-2-0-gls-przeglad-do-maja-2025-oc-do-czerwca-2025-ID6GB0zR.html
2706;Hyundai Tucson;SC;2.4444444444444446;2007;382;1975;Manualna;otomoto.pl/osobowe/oferta/hyundai-tucson-hyundai-tucson-140-km-ID6Gws5H.html
2726;Hyundai I30;C;2.822222222222222;2007;328;1591;Manualna;otomoto.pl/osobowe/oferta/hyundai-i30-hyundai-i30-1-6-benzyna-2007-ID6GBknt.html
2998;Hyundai I30;C;5.0;2012;348;1591;Manualna;otomoto.pl/osobowe/oferta/hyundai-i30-stan-bardzo-dobry-gotowy-do-eksploatacji-ID6GB0UM.html
3051;Hyundai I30;C;5.488888888888889;2012;379;1591;Manualna;otomoto.pl/osobowe/oferta/hyundai-i30-stan-bardzo-dobry-ID6GzIkp.html
3962;Hyundai Tucson;SC;12.399999999999999;2015;326;1591;Automatyczna;otomoto.pl/osobowe/oferta/hyundai-tucson-pierwszy-wlasciciel-stan-bardzo-dobry-ID6GAhg5.html
4204;Hyundai i10;X;15.08888888888889;2023;520;1197;Manualna;otomoto.pl/osobowe/oferta/hyundai-i10-modern-winter-15-salon-pl-demo-fv23-leasing-ID6Gx4tD.html
4236;Hyundai i10;X;15.311111111111112;2023;754;998;Manualna;otomoto.pl/osobowe/oferta/hyundai-i10-i10-1-0-mpi-5mt-67-km-modern-winter-15-2023-ID6GbLUE.html
4240;Hyundai i10;X;15.311111111111112;2023;690;998;Manualna;otomoto.pl/osobowe/oferta/hyundai-i10-fv23-felgi-15-podgrzewane-fotele-i-kierownica-hyundai-margo-ID6GCiog.html
4417;Hyundai i10;X;16.577777777777776;2023;360;1197;Manualna;otomoto.pl/osobowe/oferta/hyundai-i10-1-2-gdi-modern-6-mt-manualna-skrzynia-biegow-ID6GvHAk.html
4486;Hyundai i20;B;17.08888888888889;2023;850;998;Manualna;otomoto.pl/osobowe/oferta/hyundai-i20-12-2023r-modern-comfort-led-salon-pl-demo-fv23-leasing-ID6Gx4u1.html
4513;Hyundai i20;B;17.4;2023;766;998;Manualna;otomoto.pl/osobowe/oferta/hyundai-i20-modern-1-0-t-gdi-6mt-100km-pakiet-comfort-i-led-ID6GCh9m.html
4768;Hyundai I30;C;20.866666666666667;2023;573;998;Automatyczna;otomoto.pl/osobowe/oferta/hyundai-i30-hyundai-i30-1-0-7dct-wersja-smart-demo-ID6GqBG0.html
4973;Hyundai I30;C;24.422222222222224;2023;754;1482;Manualna;otomoto.pl/osobowe/oferta/hyundai-i30-i30-wgn-1-5-t-gdi-2wd-6mt-160km-2023-smart-led-ID6GbRT1.html
4996;Hyundai Elantra;X;25.022222222222222;2023;900;1598;Manualna;otomoto.pl/osobowe/oferta/hyundai-elantra-smart-design-tech-1-6-mpi-6mt-123-km-dostepne-od-reki-ID6GjSo9.html
5048;Hyundai Elantra;X;26.200000000000003;2023;900;1598;Automatyczna;otomoto.pl/osobowe/oferta/hyundai-elantra-hyundai-elantra-2023-smart-design-tech-ID6GanG3.html
5093;Hyundai Kona;SB;27.77777777777778;2023;495;998;Automatyczna;otomoto.pl/osobowe/oferta/hyundai-kona-executive-automat-od-reki-ID6Gpf6e.html
5218;Audi A3;C;0.7108888888888889;1998;304;1595;Manualna;otomoto.pl/osobowe/oferta/audi-a3-audi-a3-1-6l-8l-101km-benzyna-manual-3-drzwi-ID6GpkXD.html
5221;Audi A3;C;1.088888888888889;2002;319;1781;Automatyczna;otomoto.pl/osobowe/oferta/audi-a3-uzywany-ID6GqkWT.html
5234;Audi A4;D;1.3333333333333333;2005;410;1781;Manualna;otomoto.pl/osobowe/oferta/audi-a4-audi-a4-quattro-ID6GBItP.html
5245;Audi A3;C;1.5333333333333334;2004;326;1595;Manualna;otomoto.pl/osobowe/oferta/audi-a3-audi-a3-ID6GBwgI.html
5247;Audi A3;C;1.5555555555555556;2002;322;1781;Manualna;otomoto.pl/osobowe/oferta/audi-a3-8l-polift-1-8t-150-km-jedyny-wlasciciel-w-pl-ID6GBhP5.html
5251;Audi A6;E;1.6222222222222222;1998;336;2393;Automatyczna;otomoto.pl/osobowe/oferta/audi-a6-audi-a6-c5-2-4-quattro-ID6GDMkb.html
5255;Audi A3;C;1.7333333333333334;2004;309;1595;Manualna;otomoto.pl/osobowe/oferta/audi-a3-audi-a3-8p-na-gwincie-ID6G8EEX.html
5269;Audi A4;D;1.8666666666666667;2003;332;2393;Automatyczna;otomoto.pl/osobowe/oferta/audi-a4-2-4-v6s-linenavi-xenongrzanefoteleautomacikczujnikiparkowania-ID6GouGt.html
5275;Audi A4;D;1.8888888888888888;2002;343;1984;Manualna;otomoto.pl/osobowe/oferta/audi-a4-nowy-akumulator-lampy-xenon-ID6GzJ3P.html
5278;Audi A4;D;1.9333333333333331;1998;348;1595;Manualna;otomoto.pl/osobowe/oferta/audi-a4-sprzedam-audi-a4-b5-1-6-1998r-ID6GDcKg.html
5294;Audi A3;C;2.177777777777778;2003;315;1984;Manualna;otomoto.pl/osobowe/oferta/audi-a3-audi-a3-2-0fsi-zadbane-stan-bardzo-dobry-ID6Gzzqu.html
5317;Audi A6;E;2.2222222222222223;1999;346;2773;Manualna;otomoto.pl/osobowe/oferta/audi-a6-sprzedam-audi-a6-quattro-ID6GCtHc.html
5318;Audi A4;D;2.2222222222222223;2003;311;1984;Manualna;otomoto.pl/osobowe/oferta/audi-a4-audi-a4b6-2-0-alt-2003r-ID6GCAPA.html
5324;Audi A3;C;2.3333333333333335;2004;323;1984;Automatyczna;otomoto.pl/osobowe/oferta/audi-a3-audi-a3-sportback-2004-automat-200-km-ID6GzLID.html
5345;Audi TT;X;2.5555555555555554;2003;332;1781;Manualna;otomoto.pl/osobowe/oferta/audi-tt-sprzedam-audi-tt-ID6GCS5u.html
5359;Audi A4;D;2.6666666666666665;2005;339;1984;Manualna;otomoto.pl/osobowe/oferta/audi-a4-audi-a4-2-0-ID6GBHsv.html
5374;Audi A6;E;2.799777777777778;1995;309;1984;Manualna;otomoto.pl/osobowe/oferta/audi-a6-wyprzedaz-z-kolekcji-audi-oryginalny-lakier-ID6G9lVs.html
5377;Audi A6;E;2.822222222222222;2006;318;1984;Automatyczna;otomoto.pl/osobowe/oferta/audi-a6-gwaramcja-zamiana-ID6Gv9zH.html
5380;Audi A4;D;2.8444444444444446;2005;306;1595;Manualna;otomoto.pl/osobowe/oferta/audi-a4-sprzedam-ID6Gk6kI.html
5381;Audi A4;D;2.8664444444444444;2003;351;1781;Manualna;otomoto.pl/osobowe/oferta/audi-a4-audi-a4-b6-avant-1-8t-120kw-163km-ID6GvjSB.html
5384;Audi A3;C;2.8666666666666667;2005;314;1984;Manualna;otomoto.pl/osobowe/oferta/audi-a3-ID6GrI5A.html
5386;Audi A4;D;2.8666666666666667;2004;309;1781;Manualna;otomoto.pl/osobowe/oferta/audi-a4-1-8-t-163-km-ID6GAC05.html
5419;Audi A6;E;3.088888888888889;2004;301;3123;Manualna;otomoto.pl/osobowe/oferta/audi-a6-3-2-skory-ID6GBoRp.html
5421;Audi A6;E;3.088888888888889;2005;357;3123;Automatyczna;otomoto.pl/osobowe/oferta/audi-a6-c6-3-2-benzyna-quattro-klimatyzacja-w-100-sprawna-ID6Gzipr.html
5424;Audi TT;X;3.110888888888889;2001;310;1781;Manualna;otomoto.pl/osobowe/oferta/audi-tt-zrobiony-serwis-olejowy-filtrowy-zadbany-nowy-rozrzad-ID6GAqO1.html
5437;Audi A6;E;3.3111111111111113;2007;430;1984;Automatyczna;otomoto.pl/osobowe/oferta/audi-a6-audi-a6c6-2-0tfsi-170km-automat-skora-po-gruntownym-remoncie-ID6GzZrT.html
5451;Audi A3;C;3.3333333333333335;2006;310;1598;Manualna;otomoto.pl/osobowe/oferta/audi-a3-audi-a3-1-6-benzyna-ID6GBwGE.html
5453;Audi A8;X;3.3333333333333335;1999;342;3697;Automatyczna;otomoto.pl/osobowe/oferta/audi-a8-sprzedam-audi-quattro-a8-v8-3-7-benzyna-ID6GBQ0F.html
5455;Audi A6;E;3.3333333333333335;2006;349;2393;Automatyczna;otomoto.pl/osobowe/oferta/audi-a6-2-4-v6-duza-navi-9-lat-w-jednych-rekach-automat-100-sprawne-ID6GjSyY.html
5460;Audi A4;D;3.4444444444444446;2006;340;1984;Automatyczna;otomoto.pl/osobowe/oferta/audi-a4-audi-a4-b7-quatro-automat-tiptronic-ID6GCEyp.html
5463;Audi A6;E;3.4444444444444446;2005;323;2393;Automatyczna;otomoto.pl/osobowe/oferta/audi-a6-ID6FFDG6.html
5468;Audi A4;D;3.511111111111111;2000;320;2771;Manualna;otomoto.pl/osobowe/oferta/audi-a4-ID6Gvd5D.html
5485;Audi A6;E;3.6666666666666665;2004;340;3123;Manualna;otomoto.pl/osobowe/oferta/audi-a6-audi-a6-c6-3-2fsi-zadbany-czytaj-opis-ID6FLNw3.html
5491;Audi TT;X;3.688888888888889;2000;314;1781;Manualna;otomoto.pl/osobowe/oferta/audi-tt-audi-tt-1-8-turbo-quattro-skrz-manualna-6-biegow-ksiazka-serwisowa-ID6GCRVI.html
5532;Audi A4;D;3.9997777777777777;2007;335;1984;Automatyczna;otomoto.pl/osobowe/oferta/audi-a4-klima-automat-quattro-ID6GrK1b.html
5541;Audi A6;E;4.0;2007;411;2773;Automatyczna;otomoto.pl/osobowe/oferta/audi-a6-c6-2-8-fsi-quattro-tiptronic-ID6GCYSm.html
5544;Audi A6;E;4.111111111111111;2007;325;1984;Manualna;otomoto.pl/osobowe/oferta/audi-a6-audi-a6-c6-ID6Gvlp3.html
5545;Audi TT;X;4.111111111111111;1999;306;1781;Manualna;otomoto.pl/osobowe/oferta/audi-tt-1-8-turbo-180-km-quattro-super-stan-samochod-z-niemiec-ID6GzWRt.html
5590;Audi TT;X;4.377777777777777;2001;304;1781;Manualna;otomoto.pl/osobowe/oferta/audi-tt-1-8ikat-225kmsuper-stanklimaalu-felgi-19-zadbany-ID6GBGFF.html
5592;Audi A4;D;4.4;2006;305;1800;Manualna;otomoto.pl/osobowe/oferta/audi-a4-ID6GzGVm.html
5625;Audi A4;D;4.444222222222222;2005;320;1984;Automatyczna;otomoto.pl/osobowe/oferta/audi-a4-salon-polska-drugi-wlasciciel-ID6GD1EP.html
5631;Audi A6;E;4.444444444444445;1999;351;4172;Automatyczna;otomoto.pl/osobowe/oferta/audi-a6-audi-a6-c5-4-2-v8-ID6Gzai0.html
5650;Audi A6;E;4.644444444444444;2007;309;4163;Automatyczna;otomoto.pl/osobowe/oferta/audi-a6-audi-a6-avant-2007-4-2-fsi-309tkm-bezwypadkowy-ID6Ghy5t.html
5653;Audi A6;E;4.644444444444444;2008;305;1984;Manualna;otomoto.pl/osobowe/oferta/audi-a6-bardzo-zadbany-bogate-wyposazenie-ID6GBljg.html
5678;Audi A6;E;4.866666666666666;2004;310;2671;Automatyczna;otomoto.pl/osobowe/oferta/audi-a6-allroad-2-7-turbo-250km-allroad-oplacone-ID6GvZ2s.html
5688;Audi A6;E;4.866666666666666;2008;345;1984;Manualna;otomoto.pl/osobowe/oferta/audi-a6-sprzedam-audi-a6-2-0-tfsi-170-km-280-nm-ID6GCMwq.html
5698;Audi S4;X;4.888888888888889;2003;341;4163;Manualna;otomoto.pl/osobowe/oferta/audi-s4-audi-s4-b6-4-2-v8-ID6GpEAv.html
5712;Audi A4;D;5.088888888888889;2003;308;1781;Manualna;otomoto.pl/osobowe/oferta/audi-a4-audi-a4-b6-1-8t-bex-quattro-ID6GAr2E.html
5743;Audi A4;D;5.222222222222222;2008;377;3197;Automatyczna;otomoto.pl/osobowe/oferta/audi-a4-3-2-fsi-265km-nowy-rozrzad-silnik-po-kompletnym-remoncie-ID6FLN1u.html
5804;Audi A3;C;5.533333333333333;2009;305;1390;Automatyczna;otomoto.pl/osobowe/oferta/audi-a3-audi-a3-1-4-tfsi-ID6G8N7K.html
5815;Audi A3;C;5.544444444444444;2010;330;1395;Manualna;otomoto.pl/osobowe/oferta/audi-a3-10r-1-4t-125km-klima-serwis-import-szwajcaria-ID6FcYoI.html
5818;Audi A6;E;5.5553333333333335;2005;302;3123;Automatyczna;otomoto.pl/osobowe/oferta/audi-a6-3-2-fsi-toptronic-quatro-bezwypadkowy-ID6GyH7P.html
5822;Audi A8;X;5.555555555555555;2003;373;3697;Automatyczna;otomoto.pl/osobowe/oferta/audi-a8-audi-a8-d3-ID6GCVHl.html
5824;Audi A4;D;5.555555555555555;2008;333;1798;Manualna;otomoto.pl/osobowe/oferta/audi-a4-xenon-led-s-line-serwisowany-po-duzym-serwisie-navi-ID6Gvk73.html
5825;Audi A8;X;5.555555555555555;2003;335;3697;Automatyczna;otomoto.pl/osobowe/oferta/audi-a8-zarejestrowana-w-pl-doinwestowana-ID6G9J9o.html
5826;Audi A6;E;5.555555555555555;2000;359;4172;Automatyczna;otomoto.pl/osobowe/oferta/audi-a6-4-2-v8-bardzo-ladna-i-zadbana-w-pelni-sprawna-ID6GCRBs.html
5833;Audi A8;X;5.555555555555555;2003;373;3697;Automatyczna;otomoto.pl/osobowe/oferta/audi-a8-audi-a8-d3-ID6GCVHl.html
5835;Audi A8;X;5.666666666666667;2001;377;4172;Automatyczna;otomoto.pl/osobowe/oferta/audi-a8-d2-4-2-quattro-2001-r-ID6GByDM.html
5905;Audi Cabriolet;X;5.977777777777778;1995;350;2771;Manualna;otomoto.pl/osobowe/oferta/audi-cabriolet-audi-80-cabrio-2-8-v6-ID6GCXoA.html
5911;Audi A4 Cabriolet;X;6.0;2004;316;2976;Manualna;otomoto.pl/osobowe/oferta/audi-a4-audi-a4-cabrio-quattro-3-0-v6-manual-ID6GqeI0.html
5964;Audi TT;X;6.422222222222222;2001;322;1781;Manualna;otomoto.pl/osobowe/oferta/audi-tt-audi-tt-1-8t-bam-225-quattro-3-2-pakiet-atrakcyjna-cena-do-konca-tygod-ID6GAqtl.html
5980;Audi S3;X;6.444444444444445;2007;326;1984;Manualna;otomoto.pl/osobowe/oferta/audi-s3-salon-polska-ID6GoWHD.html
6076;Audi A4;D;7.0;2007;406;3197;Manualna;otomoto.pl/osobowe/oferta/audi-a4-3-2-fsi-v6-265km-2007-4x4-quattro-film-xenonled-rej-pl-zamiana-sanok-ID6GBsX4.html
6134;Audi A4;D;7.444444444444445;2008;347;1984;Manualna;otomoto.pl/osobowe/oferta/audi-a4-audi-a4-b8-2-0-tfsi-quattro-ID6GxnQu.html
6164;Audi A8;X;7.7333333333333325;2008;371;3123;Automatyczna;otomoto.pl/osobowe/oferta/audi-a8-audi-a8-zadbane-ID6FzJsI.html
6185;Audi A8;X;7.777777777777778;2007;321;4163;Automatyczna;otomoto.pl/osobowe/oferta/audi-a8-audi-a8-4-2-fsi-350km-quattro-ID6Gudsg.html
6231;Audi A4;D;8.221555555555556;2011;313;1984;Automatyczna;otomoto.pl/osobowe/oferta/audi-a4-allroad-2-0-benzyna-210-km-quattro-automat-ID6GpZZR.html
6313;Audi A8;X;9.333333333333334;2004;334;5998;Automatyczna;otomoto.pl/osobowe/oferta/audi-a8-audi-a8-w12-model-2005-ii-wlasciciel-od-01-2008-r-ID6GAYUB.html
6331;Audi V8;X;9.555555555555555;1991;351;3562;Automatyczna;otomoto.pl/osobowe/oferta/audi-v8-audi-v8-3-6-quattro-ID6Fb7hJ.html
6473;Audi A6;E;11.222222222222221;2012;304;2773;Automatyczna;otomoto.pl/osobowe/oferta/audi-a6-audi-a6-c7-salon-polska-2-8-v6-ID6GyEKd.html
6505;Audi S8;X;11.755555555555555;2007;396;5204;Automatyczna;otomoto.pl/osobowe/oferta/audi-s8-5-2v10-450km-pelna-opcja-zarejestrowane-ID6GAgAy.html
6669;Audi A5;D;13.777777777777779;2012;341;1984;Automatyczna;otomoto.pl/osobowe/oferta/audi-a5-polski-salon-bez-wkladu-ID6GuO3u.html
6703;Audi S4;X;14.422222222222224;2000;314;2671;Manualna;otomoto.pl/osobowe/oferta/audi-s4-sedan-manual-bezwypadkowy-dodatki-apr-ID6GzU4U.html
6806;Audi A6;E;16.22222222222222;2016;317;1984;Automatyczna;otomoto.pl/osobowe/oferta/audi-a6-audi-a6-kombi-s-tronic-ID6GArta.html
7188;Audi A3;C;25.422222222222224;2023;840;1498;Manualna;otomoto.pl/osobowe/oferta/audi-a3-audi-a3-1-5tfsi-150km-panorama-kamera-cofania-ID6Gfops.html
7282;Audi A3;C;26.644444444444446;2023;600;1498;Automatyczna;otomoto.pl/osobowe/oferta/audi-a3-audi-a3-stan-idealny-pierwszy-wlasciciel-ID6GvkeI.html
7676;Audi RS6;X;36.666666666666664;2013;305;3993;Automatyczna;otomoto.pl/osobowe/oferta/audi-rs6-salon-polska-czarna-serwis-hak-faktura-vat23-1-wlasciciel-ID6F64t7.html
7777;Audi S3;X;41.08888888888889;2023;750;1984;Automatyczna;otomoto.pl/osobowe/oferta/audi-s3-panorama-bang-olufsen-keyless-salon-pl-faktura-vat-23-ID6GpRYY.html
7889;Mitsubishi Colt;X;1.4222222222222223;2004;312;1332;Manualna;otomoto.pl/osobowe/oferta/mitsubishi-colt-1-3-klima-gotowy-do-rejestracji-ID6GD31i.html
7898;Mitsubishi Colt;X;1.5555555555555556;2009;344;1332;Manualna;otomoto.pl/osobowe/oferta/mitsubishi-colt-prywatny-oplaty-do-2025r-2-kpl-kol-klima-ID6Ggvyg.html
7904;Mitsubishi Colt;X;1.7555555555555555;2010;348;1332;Manualna;otomoto.pl/osobowe/oferta/mitsubishi-colt-mitsubishi-colt-1-3-2010r-ID6GCmn0.html
7910;Mitsubishi Grandis;X;1.8888888888888888;2004;342;2378;Manualna;otomoto.pl/osobowe/oferta/mitsubishi-grandis-ID6GD9UA.html
8413;Mitsubishi Colt;X;20.62222222222222;2023;500;999;Manualna;otomoto.pl/osobowe/oferta/mitsubishi-colt-1-0-t-91-km-intense-style-cold-navi-ID6GuCef.html
8654;Kia Soul;X;3.988888888888889;2013;307;1591;Automatyczna;otomoto.pl/osobowe/oferta/kia-soul-kia-soul-2-0-163km-automat-bezwypadkowy-doinwestowany-ID6GAVxX.html
8789;Kia Ceed;C;4.866666666666666;2013;310;1591;Manualna;otomoto.pl/osobowe/oferta/kia-ceed-salon-polska-bezwypadkowy-ID6GABX4.html
9767;Kia Picanto;X;14.222222222222221;2023;322;998;Manualna;otomoto.pl/osobowe/oferta/kia-picanto-1-0-67km-5mt-samochod-demo-322km-przebiegu-gwarancja-kia-do-7-lat-ID6GBWsd.html
10192;Kia Stonic;SB;17.711111111111112;2022;959;998;Automatyczna;otomoto.pl/osobowe/oferta/kia-stonic-auto-krajowe-bogata-wersja-styczen-2023r-tylko-959km-full-led-ID6GBinV.html
10265;Kia Stonic;SB;18.444444444444443;2023;726;1197;Manualna;otomoto.pl/osobowe/oferta/kia-stonic-stonic-1-2-84km-m-pakiet-smart-6mt-auto-demo-f-vat-23-ID6GCJrS.html
10271;Kia Stonic;SB;18.577777777777776;2023;400;1197;Manualna;otomoto.pl/osobowe/oferta/kia-stonic-l-1-2-84km-demo-dealera-rp2023-od-reki-ID6Gy4Ey.html
10275;Kia Stonic;SB;18.644444444444446;2023;639;1197;Manualna;otomoto.pl/osobowe/oferta/kia-stonic-demo-dealera-i-rej-2024r-wersja-l-aeb-cp2-vat-23-ID6GCumN.html
11137;Kia XCeed;SC;30.91111111111111;2023;769;1482;Automatyczna;otomoto.pl/osobowe/oferta/kia-xceed-jak-nowy-samochod-dealera-piekny-stan-ID6Gi1aL.html
11213;Jeep Cherokee;X;5.333333333333333;1990;342;3964;Automatyczna;otomoto.pl/osobowe/oferta/jeep-cherokee-jeep-cherokee-xj-4-0-90-mopar-klasyk-cywil-ID6Gp3bn.html
11245;Jeep Wrangler;X;9.533333333333333;1999;328;3964;Manualna;otomoto.pl/osobowe/oferta/jeep-wrangler-tj-sport-4-0-ID6GceVi.html
11249;Jeep Commander;X;10.2;2006;317;4701;Automatyczna;otomoto.pl/osobowe/oferta/jeep-commander-4-7-v8-klima-alu-szyberdach-tv-dvd-skora-7-foteli-ID6Gv5rr.html
11272;Jeep GrandCherokee;X;12.644444444444444;2005;302;4701;Automatyczna;otomoto.pl/osobowe/oferta/jeep-grand-cherokee-jeep-grand-cherokee-unikat-4-7-v8-po-calkowitym-odrestaurowaniu-ID6Gt1wc.html
11277;Jeep Cherokee;X;13.088888888888889;2019;357;2398;Automatyczna;otomoto.pl/osobowe/oferta/jeep-cherokee-2-4-automat-2wd-ID6Gn9El.html
11393;Jeep Renegade;X;18.866666666666667;2022;900;999;Manualna;otomoto.pl/osobowe/oferta/jeep-renegade-salon-pl-i-wlo-gwaranacja-ID6FtQRD.html
11452;Jeep Avenger;X;24.422222222222224;2023;650;1199;Manualna;otomoto.pl/osobowe/oferta/jeep-avenger-od-reki-okazja-cenowa-lakier-bicolore-ID6FA37b.html
11466;Jeep Avenger;X;24.77777777777778;2023;500;1199;Manualna;otomoto.pl/osobowe/oferta/jeep-avenger-altitude-1-2-tb-100km-mt6-demo-ID6Gmmys.html
11492;Jeep Compass;X;26.633333333333333;2022;500;1332;Manualna;otomoto.pl/osobowe/oferta/jeep-compass-oferta-dealera-fv23-compass-1-3-tmair-limited-fwd-kamera-navi-ID6GCZYi.html
11604;Peugeot 40;X;1.2222222222222223;2007;383;1997;Manualna;otomoto.pl/osobowe/oferta/peugeot-407-peugeot-407-sw-2007r-2-0-benzyna-krajowy-ID6GACNx.html
11608;Peugeot 10;X;1.3111111111111111;2008;440;998;Manualna;otomoto.pl/osobowe/oferta/peugeot-107-bezwypadkowy-salon-polska-pierwszy-wlasciciel-ID6GDME2.html
11610;Peugeot 10;X;1.3111111111111111;2008;440;998;Manualna;otomoto.pl/osobowe/oferta/peugeot-107-bezwypadkowy-salon-polska-pierwszy-wlasciciel-ID6GDME2.html
11661;Peugeot 30;C;1.822222222222222;2007;370;1587;Manualna;otomoto.pl/osobowe/oferta/peugeot-307-sw-1-6-benzyna-zadbany-ID6GB17F.html
11679;Peugeot 30;C;1.9533333333333331;2008;314;1598;Manualna;otomoto.pl/osobowe/oferta/peugeot-308-2008r-1-6-benzyna-alufelgi-klimatyzacja-ksiazka-serwisowa-zamiana-ID6GDmts.html
12243;Peugeot 50;X;5.644444444444444;2012;315;1598;Manualna;otomoto.pl/osobowe/oferta/peugeot-508-peugeot-508-sw-1-6-benzyna-hak-kombi-skora-navi-ID6GBg6u.html
13631;Peugeot 300;SC;31.08888888888889;2023;586;1199;Automatyczna;otomoto.pl/osobowe/oferta/peugeot-3008-peugeot-3008-allure-pack-hybrid-136-edcs6-ID6GkISR.html
13646;Volvo S60;D;1.0222222222222221;2001;322;2435;Manualna;otomoto.pl/osobowe/oferta/volvo-s60-volvo-s-60-2-4-ID6GC5TS.html
13648;Volvo S40;X;1.3111111111111111;2008;321;1798;Manualna;otomoto.pl/osobowe/oferta/volvo-v50-volvo-v50-ID6Gezsi.html
13652;Volvo S90;X;1.9555555555555557;2001;375;2435;Manualna;otomoto.pl/osobowe/oferta/volvo-s80-volvo-s80-2-4-benzyna-sprzedam-szybko-pilne-ID6GAphx.html
13653;Volvo S60;D;1.9777777777777779;2000;330;2435;Automatyczna;otomoto.pl/osobowe/oferta/volvo-s60-2-4-bunikatowy-stanbezwypadkowerok-w-krajumozliwa-zamianaautomat-ID6G7RzW.html
13655;Volvo S70;X;1.9997777777777779;1999;370;2435;Automatyczna;otomoto.pl/osobowe/oferta/volvo-v70-volvo-v70-2-5i-automat-niezawodny-klasyk-przeglad-07-2025-ID6GB9eK.html
13660;Volvo S60;D;2.177777777777778;2001;315;2435;Manualna;otomoto.pl/osobowe/oferta/volvo-s60-ladnypdcbezcalyoryginaligla-ID6GCT5Q.html
13663;Volvo S70;X;2.2;2005;318;2435;Manualna;otomoto.pl/osobowe/oferta/volvo-v70-dobry-stan-nowy-akumulator-ID6GDLOU.html
13669;Volvo V70;X;2.4222222222222225;2003;322;2521;Automatyczna;otomoto.pl/osobowe/oferta/volvo-xc-70-stan-bardzo-dobry-naped-4x4-serwis-do-konca-hak-ID6GfPd2.html
13670;Volvo S90;X;2.4222222222222225;2005;322;2435;Automatyczna;otomoto.pl/osobowe/oferta/volvo-s80-2-4i-benzyna-140km-automat-zadbany-egzemplarz-przebieg-gwarantowany-ID6GA3PI.html
13677;Volvo S40;X;2.6664444444444446;2004;320;2435;Manualna;otomoto.pl/osobowe/oferta/volvo-v50-klimatronik-serwisowany-gotowy-do-rejestracji-ID6GxLPm.html
13679;Volvo S60;D;2.822222222222222;2005;378;2435;Manualna;otomoto.pl/osobowe/oferta/volvo-s60-okazja-liftmomentummyszkazadbanyzobacz-ID6GAA0j.html
13680;Volvo S60;D;2.8333333333333335;2000;329;2435;Automatyczna;otomoto.pl/osobowe/oferta/volvo-s70-2-4-140km-benzyna-oryginalny-lakier-udokumentowany-przebieg-ID6GD2TE.html
13687;Volvo S40;X;3.066666666666667;2005;359;2435;Manualna;otomoto.pl/osobowe/oferta/volvo-v50-volvo-v50-2-4i-170-km-ID6Gr3BU.html
13690;Volvo S70;X;3.088888888888889;2002;313;2435;Manualna;otomoto.pl/osobowe/oferta/volvo-v70-pierwszy-wlasciciel-w-polsce-ID6FVZok.html
13697;Volvo S40;X;3.3111111111111113;2004;337;2435;Manualna;otomoto.pl/osobowe/oferta/volvo-v50-bezwypadkowy-stan-bdb-serwis-do-konca-ID6Gzqv6.html
13702;Volvo S60;D;3.3333333333333335;2003;303;1984;Automatyczna;otomoto.pl/osobowe/oferta/volvo-s60-2-0t-5-cylindrow-salonpl-rozrzad-przy-243600km-ID6GwKEB.html
13708;Volvo S60;D;3.533333333333333;2006;421;2521;Automatyczna;otomoto.pl/osobowe/oferta/volvo-s60-2-5t-210hp-zarejestrowany-serwis-dvd-xenon-alu-ID6GkBl4.html
13721;Volvo S70;X;3.888888888888889;2005;330;2435;Manualna;otomoto.pl/osobowe/oferta/volvo-v70-volvo-v70-ID6GByO5.html
13723;Volvo S70;X;3.9555555555555557;2005;344;2521;Manualna;otomoto.pl/osobowe/oferta/volvo-v70-2-5t-209km-lift-manual-ID6GcIGA.html
13734;Volvo S70;X;4.199999999999999;1999;306;2435;Manualna;otomoto.pl/osobowe/oferta/volvo-v70-manual-4x4-100-oryginal-lakier-0-rdzy-ID6GzGdP.html
13739;Volvo S40;X;4.422222222222222;2005;361;2521;Manualna;otomoto.pl/osobowe/oferta/volvo-v50-2-5t-awd-220km-2005-pt-i-oc-wazne-do-11-2024-ID6GCS0h.html
13743;Volvo C70;X;4.444222222222222;1998;384;2319;Automatyczna;otomoto.pl/osobowe/oferta/volvo-c70-volvo-c70-1998-coupe-2-3t-t5-maxtondesign-yt-klima-2-strefowa-ID6GkXBY.html
13746;Volvo S40;X;4.555555555555555;2004;332;2521;Manualna;otomoto.pl/osobowe/oferta/volvo-s40-volvo-s40-ii-top-sport-2-5-220km-manual-ID6GBsdf.html
13760;Volvo S70;X;4.888888888888889;2001;400;2521;Manualna;otomoto.pl/osobowe/oferta/volvo-v70-2-4tcrosscountrgrzanefoteletempomatserwisowanyoplaconyfilnyoutube-ID6GBRUC.html
13765;Volvo S40;X;5.088888888888889;2010;312;1999;Manualna;otomoto.pl/osobowe/oferta/volvo-v50-oryginalny-przebieg-oryginalny-lakier-oplacony-ID6Gw2KB.html
13775;Volvo S90;X;5.444444444444445;2008;304;2521;Manualna;otomoto.pl/osobowe/oferta/volvo-s80-sprzedam-volvo-s80ii-2-5t-manual-stan-bdb-ID6GCD6g.html
13782;Volvo S90;X;5.955555555555556;2006;323;2521;Manualna;otomoto.pl/osobowe/oferta/volvo-s80-volvo-s80-ii-2-5t-prywatnie-ID6GBy4v.html
13786;Volvo S70;X;5.977777777777778;2009;310;2521;Manualna;otomoto.pl/osobowe/oferta/volvo-v70-ze-szwecji-ID6F04mC.html
13791;Volvo S70;X;6.033333333333333;2009;308;1999;Manualna;otomoto.pl/osobowe/oferta/volvo-v70-volvo-v70-2-0f-r-design-silver-rejstracja-2010-polskie-menu-serwisowan-ID6FDtiu.html
13793;Volvo S90;X;6.199999999999999;2007;312;2521;Automatyczna;otomoto.pl/osobowe/oferta/volvo-s80-volvo-s80-2007r-2-5t-lpg-ID6GDLWj.html
13800;Volvo Seria200;X;6.444444444444445;1990;399;2316;Manualna;otomoto.pl/osobowe/oferta/volvo-seria-200-tylko-dwie-wlascicielki-w-niemczech-kombi-ze-skorzana-tapicerka-ID6FGWRH.html
13809;Volvo S70;X;6.666444444444444;1998;377;2319;Automatyczna;otomoto.pl/osobowe/oferta/volvo-v70-2-3-r-awd-saffron-nowy-rozrzad-ost-serwis-na-ok-10tys-zl-ID6Fj6F5.html
13815;Volvo V70;X;7.110888888888889;2009;312;3192;Automatyczna;otomoto.pl/osobowe/oferta/volvo-xc-70-volvo-xc70-awd-keyless-ID6GlITO.html
13829;Volvo XC90;X;7.888888888888889;2005;350;4414;Automatyczna;otomoto.pl/osobowe/oferta/volvo-xc-90-volvo-xc90-4-4-v8-2005r-ID6GDNFg.html
13838;Volvo XC90;X;8.2;2008;333;3192;Automatyczna;otomoto.pl/osobowe/oferta/volvo-xc-90-3-2-ben-08rok-238ps-7-foteli-awd-ID6GupLQ.html
13843;Volvo S70;X;8.422222222222222;2010;320;2521;Automatyczna;otomoto.pl/osobowe/oferta/volvo-v70-2-5t-231km-lift-summum-pdc-xenon-polskory-serwis-ID6GnYc4.html
13848;Volvo S90;X;8.877777777777778;2008;312;2953;Automatyczna;otomoto.pl/osobowe/oferta/volvo-s80-t6-awd-skora-radar-xenon-ID6GmzoL.html
13879;Volvo XC90;X;10.222000000000001;2008;310;4414;Automatyczna;otomoto.pl/osobowe/oferta/volvo-xc-90-volvo-xc-90-4-4-v8-summum-315km-ID6GDOQt.html
13894;Volvo S90;X;10.88888888888889;2014;325;2953;Automatyczna;otomoto.pl/osobowe/oferta/volvo-s80-volvo-s80-3-0-benzyna-ver-summum-ID6GC0JK.html
13939;Volvo XC60;SD;12.88888888888889;2015;320;1969;Automatyczna;otomoto.pl/osobowe/oferta/volvo-xc-60-volvo-xc60-benzyna-ID6Gksk1.html
13972;Volvo S90;X;14.555555555555555;2018;358;1969;Automatyczna;otomoto.pl/osobowe/oferta/volvo-v90-volvo-v90-2018-benzyna-cng-ID6Gwo69.html
14633;Mazda 626;X;0.7777777777777778;1999;343;1991;Manualna;otomoto.pl/osobowe/oferta/mazda-626-mazda-626-glx-136-km-ID6GzaZa.html
14645;Mazda 3;C;1.3333333333333333;2006;358;1598;Manualna;otomoto.pl/osobowe/oferta/mazda-3-oc-do-04-2025-przeglad-do-06-2025-2-komplety-swiezych-opon-ID6GzSet.html
14650;Mazda 3;C;1.4;2008;383;1598;Manualna;otomoto.pl/osobowe/oferta/mazda-3-sport-active-plus-2008-r-ID6GvRVn.html
14685;Mazda 3;C;2.3333333333333335;2007;322;1598;Manualna;otomoto.pl/osobowe/oferta/mazda-3-mazda-3-1-6-exclusive-ID6GyYOA.html
14727;Mazda 6;D;3.066666666666667;2008;337;1999;Manualna;otomoto.pl/osobowe/oferta/mazda-6-skorzane-podgrzewane-fotele-stan-bardzo-dobry-ID6GC9QF.html
14803;Mazda 6;D;4.0;2010;358;1999;Manualna;otomoto.pl/osobowe/oferta/mazda-6-mazda-6-kombi-2010r-147-km-2-0-benz-pierwszy-wlasciciel-w-kraju-ID6GD25b.html
14891;Mazda 6;D;5.444444444444445;2010;344;1999;Automatyczna;otomoto.pl/osobowe/oferta/mazda-6-idealny-samochod-w-trasy-ID6GBPyb.html
15085;Mazda MX-5;X;10.0;1995;303;1840;Manualna;otomoto.pl/osobowe/oferta/mazda-mx-5-mazd-mx-5-1-8-torsen-usa-ID6GAoih.html
16207;MINI Cooper;B;1.9333333333333331;2003;320;1598;Manualna;otomoto.pl/osobowe/oferta/mini-cooper-wlasciciel-ID6Gz2xE.html
17457;Seat Leon;C;3.533333333333333;2002;315;1781;Manualna;otomoto.pl/osobowe/oferta/seat-leon-2002-seat-leon-1-8t-4x4-ID6GiyaV.html
17463;Seat Leon;C;3.5444444444444443;2003;314;1781;Manualna;otomoto.pl/osobowe/oferta/seat-leon-1-8t-benzyna-alu-top-sport-po-oplatach-ID6Feqay.html
17730;Seat Leon;C;5.7555555555555555;2017;302;1197;Manualna;otomoto.pl/osobowe/oferta/seat-leon-klimatyzacja-alu-17-faktura-vat-23-bluetooth-ID6GpYFU.html
18277;Seat Arona;SB;18.333333333333332;2023;860;999;Manualna;otomoto.pl/osobowe/oferta/seat-arona-arona-style-s-s-1-0-tsi-pl-carplay-android-czujniki-niski-przebieg-ID6GuEJK.html
18312;Seat Arona;SB;18.977777777777778;2023;900;999;Manualna;otomoto.pl/osobowe/oferta/seat-arona-od-reki-style-1-0-tsi-95km-ID6Ge5Qr.html
18350;Seat Leon;C;19.977777777777778;2021;600;1000;Manualna;otomoto.pl/osobowe/oferta/seat-leon-st-style-1-0tsi-110km-m6-2021-2022-r-600km-przebiegu-salon-pl-vat-ID6GAenL.html
18357;Seat Leon;C;19.977777777777778;2021;600;1000;Manualna;otomoto.pl/osobowe/oferta/seat-leon-st-style-1-0tsi-110km-m6-2021-2022-r-600km-przebiegu-salon-pl-vat-ID6GzC13.html
18360;Seat Leon;C;19.977777777777778;2021;600;1000;Manualna;otomoto.pl/osobowe/oferta/seat-leon-st-style-1-0tsi-110km-m6-2021-2022-r-600km-przebiegu-salon-pl-vat-ID6GAenL.html
18384;Seat Ibiza;B;20.5;2023;419;999;Manualna;otomoto.pl/osobowe/oferta/seat-ibiza-nowy-samochod-przebieg-419-km-wersja-fr-export-cena-75000-zl-ID6Guiib.html
18464;Seat Arona;SB;25.311111111111114;2023;500;999;Automatyczna;otomoto.pl/osobowe/oferta/seat-arona-fr-1-0-110km-dsg-full-led-od-reki-ID6Gbtkx.html
18637;Fiat Punto;C;1.4;2006;314;1242;Manualna;otomoto.pl/osobowe/oferta/fiat-grande-punto-fiat-grande-punto-1-2-2006r-benzyna-ID6GAmjR.html
18659;Fiat Bravo;X;1.6666666666666667;2009;347;1368;Manualna;otomoto.pl/osobowe/oferta/fiat-bravo-fiat-bravo-1-4-t-jet-120km-benzyna-czarny-pl-ID6GA5KK.html
18838;Fiat Fiorino;X;3.088888888888889;2011;306;1368;Manualna;otomoto.pl/osobowe/oferta/fiat-qubo-ID6G2cG7.html
19747;Fiat Tipo;D;20.200000000000003;2023;500;999;Manualna;otomoto.pl/osobowe/oferta/fiat-tipo-tipo-1-0-t3-city-life-100km-ID6Gze65.html
19760;Fiat Tipo;D;21.311111111111114;2023;600;999;Manualna;otomoto.pl/osobowe/oferta/fiat-tipo-1-0-t3-cross-demo-dealera-promocja-ID6GsSbR.html
19775;Fiat Tipo;D;24.644444444444446;2023;500;1469;Automatyczna;otomoto.pl/osobowe/oferta/fiat-tipo-tipo-1-5-hybrid-cross-dct-130km-ID6Gzdwe.html
19803;Skoda Fabia;B;1.1555555555555557;2003;303;1390;Manualna;otomoto.pl/osobowe/oferta/skoda-fabia-skoda-fabia-1-4-16v-na-wypasie-ID6Gpo9Q.html
19807;Skoda Octavia;C;1.2000000000000002;2008;355;1598;Manualna;otomoto.pl/osobowe/oferta/skoda-octavia-pierwszy-wlasciciel-faktura-vat-ID6GzQ7r.html
19823;Skoda Fabia;B;1.511111111111111;2004;322;1198;Manualna;otomoto.pl/osobowe/oferta/skoda-fabia-skoda-fabia-i-z-polskiego-salonu-bezwypadkowa-ID6GDczs.html
19840;Skoda Fabia;B;1.7555555555555555;2003;311;1390;Manualna;otomoto.pl/osobowe/oferta/skoda-fabia-skoda-fabia-combi-1-4-2003-pierwszy-wlasciciel-polski-salon-aso-ID6GA3P8.html
19896;Skoda Octavia;C;2.4444444444444446;2008;325;1598;Manualna;otomoto.pl/osobowe/oferta/skoda-octavia-ladna-i-reprezentatywna-ID6GznYb.html
19904;Skoda Octavia;C;2.5555555555555554;2011;370;1390;Manualna;otomoto.pl/osobowe/oferta/skoda-octavia-skoda-octavia-ii-1-4-tsi-122-km-2011r-ID6GpNgz.html
19936;Skoda Fabia;B;2.8666666666666667;2012;317;1198;Manualna;otomoto.pl/osobowe/oferta/skoda-fabia-salon-polska-1-wlasciciel-oc-wazne-rok-ID6GmLFr.html
19950;Skoda Fabia;B;2.8666666666666667;2010;332;1198;Manualna;otomoto.pl/osobowe/oferta/skoda-fabia-skoda-fabia-2-2010-2011-czujniki-klimatyzacja-ID6GBj7w.html
20092;Skoda Octavia;C;3.755555555555555;2009;319;1595;Manualna;otomoto.pl/osobowe/oferta/skoda-octavia-octavia-1-6-mpi-zadbana-salonowa-ID6GBSNY.html
20122;Skoda Scala;C;3.888888888888889;2015;317;1197;Manualna;otomoto.pl/osobowe/oferta/skoda-rapid-skoda-rapid-1-2-ID6GBxZe.html
20276;Skoda Octavia;C;5.222222222222222;2017;342;1395;Manualna;otomoto.pl/osobowe/oferta/skoda-octavia-skoda-octavia-1-4-149km-wersja-ambition-ID6GuoO2.html
20323;Skoda Octavia;C;5.533333333333333;2015;330;1197;Manualna;otomoto.pl/osobowe/oferta/skoda-octavia-1-2tsi-110km-salonpl-aso-1wl-bezwypadkowa-stan-bdb-fv23-ID6FMpRt.html
20330;Skoda Octavia;C;5.555555555555555;2013;360;1395;Automatyczna;otomoto.pl/osobowe/oferta/skoda-octavia-skoda-octavia-iii-1-4tsi-elegance-salon-pl-dsg-1-uzytkownik-ID6GCsqD.html
20361;Skoda Superb;D;5.777777777777778;2011;326;1984;Automatyczna;otomoto.pl/osobowe/oferta/skoda-superb-skoda-superb-rocznik-2011-ID6GkxoX.html
20370;Skoda Octavia;C;5.888888888888889;2014;327;1395;Manualna;otomoto.pl/osobowe/oferta/skoda-octavia-skoda-octavia-1-4-tsi-ambition-kombi-ID6Guxmm.html
20408;Skoda Octavia;C;6.199999999999999;2014;354;1798;Manualna;otomoto.pl/osobowe/oferta/skoda-octavia-octavia-1-8-benzyna-180km-polski-salon-2014r-ID6GBjFq.html
20490;Skoda Octavia;C;6.666666666666667;2016;316;1395;Manualna;otomoto.pl/osobowe/oferta/skoda-octavia-skoda-octavia-iii-joy-1-4-tsi-150km-2016-ID6GCOUl.html
20494;Skoda Octavia;C;6.666666666666667;2016;318;1395;Manualna;otomoto.pl/osobowe/oferta/skoda-octavia-skoda-octavia-skoda-octavia-iii-joy-1-4-tsi-150km-2016-ID6GCPqh.html
20541;Skoda Octavia;C;7.222;2014;309;1395;Manualna;otomoto.pl/osobowe/oferta/skoda-octavia-skoda-octavia-iii-kombi-1-4-tsi-ambition-140km-2014-ID6GyfYz.html
20573;Skoda Octavia;C;7.48888888888889;2017;345;1395;Manualna;otomoto.pl/osobowe/oferta/skoda-octavia-1-4-tsi-150-km-2017r-salon-polska-ID6GBwVM.html
20641;Skoda Octavia;C;7.955555555555555;2017;339;1798;Automatyczna;otomoto.pl/osobowe/oferta/skoda-octavia-4x4-dsg-led-czujniki-salon-pl-vat23-ID6GqSOe.html
20691;Skoda Superb;D;8.222222222222221;2011;305;3597;Automatyczna;otomoto.pl/osobowe/oferta/skoda-superb-skoda-superb-3-6-v6-4x4-2011r-ID6GAY4q.html
20735;Skoda Octavia;C;8.666666666666666;2015;389;1798;Automatyczna;otomoto.pl/osobowe/oferta/skoda-octavia-skoda-octavia-1-8-tsi-style-dsg-ID6GAD8s.html
20741;Skoda Octavia;C;8.777777777777779;2015;385;1984;Manualna;otomoto.pl/osobowe/oferta/skoda-octavia-2-0-tsi-280km-challenge-vrs-doinwestowany-fvat-23-ID6GDauO.html
21488;Skoda Kodiaq;SD;16.200000000000003;2017;334;1984;Automatyczna;otomoto.pl/osobowe/oferta/skoda-kodiaq-faktura-vat23-3xklimatronic-nawigacja-full-led-4x4-dsg-ID6GkuHW.html
22358;Skoda Karoq;X;28.88888888888889;2023;723;1498;Automatyczna;otomoto.pl/osobowe/oferta/skoda-karoq-pierwszy-wlasciciel-stan-idealny-kupiony-w-salonie-w-polsce-ID6GDAEZ.html
22542;Skoda Superb;D;37.75555555555556;2023;716;1984;Automatyczna;otomoto.pl/osobowe/oferta/skoda-superb-2-0-tsi-190-km-salon-pl-l-k-automat-fvat-23-jak-nowy-ID6GlDn9.html
22580;Mercedes-Benz KlasaC;D;0.6666666666666666;1996;340;1799;Manualna;otomoto.pl/osobowe/oferta/mercedes-benz-klasa-c-dobry-stan-jak-na-jego-wiek-ID6GxcoZ.html
22594;Mercedes-Benz KlasaC;D;1.4444444444444444;2001;355;1998;Manualna;otomoto.pl/osobowe/oferta/mercedes-benz-klasa-c-c200-avantgarde-navi-bluetooth-bezwypadkowy-ID6FQ1E5.html
22610;Mercedes-Benz ML;X;1.9555555555555557;1998;360;3199;Automatyczna;otomoto.pl/osobowe/oferta/mercedes-benz-ml-7-osob-mercedes-ml-3-2-benzyna-7-osob-ID6GCKKK.html
22611;Mercedes-Benz KlasaC;D;1.9777777777777779;2005;368;1796;Manualna;otomoto.pl/osobowe/oferta/mercedes-benz-klasa-c-mercedes-benz-c180-kompresor-2005r-coupe-ID6GADrS.html
22624;Mercedes-Benz KlasaC;D;2.222;2005;352;1796;Automatyczna;otomoto.pl/osobowe/oferta/mercedes-benz-klasa-c-mercedes-benz-ID6GaGmD.html
22629;Mercedes-Benz KlasaC;D;2.3333333333333335;1997;323;1799;Manualna;otomoto.pl/osobowe/oferta/mercedes-benz-klasa-c-mercedes-benz-klasa-c-w202-esprit-atp-tour-ID6Gkzo6.html
22632;Mercedes-Benz KlasaB;MC;2.4222222222222225;2011;311;1699;Manualna;otomoto.pl/osobowe/oferta/mercedes-benz-klasa-b-ID6GCKWE.html
22650;Mercedes-Benz KlasaE;E;2.6444444444444444;2003;348;1796;Automatyczna;otomoto.pl/osobowe/oferta/mercedes-benz-klasa-e-mercedes-e-classa-1-8-benzyna-automat-ID6GB2GR.html
22656;Mercedes-Benz KlasaC;D;2.7777777777777777;2003;381;1796;Manualna;otomoto.pl/osobowe/oferta/mercedes-benz-klasa-c-super-stan-hak-bez-rdzy-zadbany-bez-wkladu-finansowego-ID6GvkoN.html
22658;Mercedes-Benz KlasaC;D;2.8444444444444446;2004;303;1796;Automatyczna;otomoto.pl/osobowe/oferta/mercedes-benz-klasa-c-mercedes-benz-c-klasa-2004r-zadbany-od-8lat-w-rodzinie-czujniki-ID6GAQuB.html
22666;Mercedes-Benz KlasaC;D;2.888666666666667;2005;330;1796;Manualna;otomoto.pl/osobowe/oferta/mercedes-benz-klasa-c-nowe-oplaty-stan-bardzo-dobry-ID6Fv9e0.html
22674;Mercedes-Benz KlasaE;E;3.088888888888889;2002;353;2597;Automatyczna;otomoto.pl/osobowe/oferta/mercedes-benz-klasa-e-mercedes-benz-e-klasa-elegance-ID6GkUh2.html
22676;Mercedes-Benz KlasaE;E;3.088888888888889;2002;353;2597;Automatyczna;otomoto.pl/osobowe/oferta/mercedes-benz-klasa-e-mercedes-benz-e-klasa-elegance-ID6GkUh2.html
22699;Mercedes-Benz SLK;X;3.4444444444444446;1998;317;2295;Automatyczna;otomoto.pl/osobowe/oferta/mercedes-benz-slk-mocno-doinwestowany-zamiana-ID6GeOW8.html
22708;Mercedes-Benz SLK;X;3.466666666666667;2001;308;1998;Manualna;otomoto.pl/osobowe/oferta/mercedes-benz-slk-mercedes-benz-slk-200-ID6GDrpT.html
22736;Mercedes-Benz KlasaR;X;3.755555555555555;2006;374;3498;Automatyczna;otomoto.pl/osobowe/oferta/mercedes-benz-klasa-r-r350-benzyna-avangarde-full-opcja-ID6GzKUU.html
22743;Mercedes-Benz KlasaR;X;3.755555555555555;2006;374;3498;Automatyczna;otomoto.pl/osobowe/oferta/mercedes-benz-klasa-r-r350-benzyna-avangarde-full-opcja-ID6GzKUU.html
22751;Mercedes-Benz KlasaE;E;3.888888888888889;2004;319;1796;Automatyczna;otomoto.pl/osobowe/oferta/mercedes-benz-klasa-e-mercedes-w211-wersja-avantgarde-ID6GADA1.html
22755;Mercedes-Benz KlasaC;D;3.9555555555555557;1992;340;1996;Manualna;otomoto.pl/osobowe/oferta/mercedes-benz-w201-190-mercedes-benz-w201-190-zabytek-w-idealnie-zadbanym-stanie-ID6FNIm6.html
22772;Mercedes-Benz KlasaE;E;4.0;1993;410;2199;Manualna;otomoto.pl/osobowe/oferta/mercedes-benz-w124-1984-1993-mercedes-w124-2-2-benzyna-ID6GBA4P.html
22778;Mercedes-Benz KlasaE;E;4.044444444444444;2005;353;1796;Manualna;otomoto.pl/osobowe/oferta/mercedes-benz-klasa-e-mercedes-w211-kombi-evo-rodzinny-pojemny-ze-sportowym-akcentem-ID6GAok9.html
22780;Mercedes-Benz KlasaE;E;4.111111111111111;2004;408;1796;Automatyczna;otomoto.pl/osobowe/oferta/mercedes-benz-klasa-e-1-8benzyna-163km-avantgarde-stan-b-dobry-ID6GAB1e.html
22785;Mercedes-Benz KlasaE;E;4.133333333333334;2004;327;1796;Automatyczna;otomoto.pl/osobowe/oferta/mercedes-benz-klasa-e-mercedes-e200-kompressor-automat-benzyna-ID6GDKU4.html
22786;Mercedes-Benz CLK;X;4.155555555555555;1998;320;4266;Automatyczna;otomoto.pl/osobowe/oferta/mercedes-benz-clk-4-3-279km-amg-import-szwajcaria-m113-e43-6-3-s-ID6Gm21f.html
22836;Mercedes-Benz CLK;X;4.444222222222222;2003;325;3199;Automatyczna;otomoto.pl/osobowe/oferta/mercedes-benz-clk-mercedes-clk-w209-320-lpg-ID6GxZnp.html
22838;Mercedes-Benz KlasaE;E;4.444444444444445;2002;345;2597;Manualna;otomoto.pl/osobowe/oferta/mercedes-benz-klasa-e-mercedes-benz-klasa-e-240-classic-ID6GzAX4.html
22850;Mercedes-Benz KlasaS;E;4.666666666666667;2000;350;3199;Automatyczna;otomoto.pl/osobowe/oferta/mercedes-benz-klasa-s-mercedes-s320-w220-ID6Gm6Gi.html
22884;Mercedes-Benz KlasaE;E;5.111111111111111;1992;328;3000;Manualna;otomoto.pl/osobowe/oferta/mercedes-benz-w124-1984-1993-mercedes-w124-3-0-benzyna-zamiana-ID6GAgyq.html
22900;Mercedes-Benz KlasaS;E;5.333333333333333;1999;385;4966;Automatyczna;otomoto.pl/osobowe/oferta/mercedes-benz-klasa-s-nowa-cena-sprzedam-ID6G7ISg.html
22914;Mercedes-Benz KlasaE;E;5.533333333333333;1991;310;3199;Manualna;otomoto.pl/osobowe/oferta/mercedes-benz-w124-1984-1993-mercedess-w124-coupe-swap-3-2-220km-1991r-ID6GpalV.html
22925;Mercedes-Benz KlasaS;E;5.666666666666667;1999;329;4266;Automatyczna;otomoto.pl/osobowe/oferta/mercedes-benz-klasa-s-s430-piekny-komfortowy-i-sprawny-ID6GDN0k.html
22939;Mercedes-Benz KlasaC;D;5.777777777777778;2008;333;2996;Automatyczna;otomoto.pl/osobowe/oferta/mercedes-benz-klasa-c-mercedes-benz-c-300-luxury-4-matic-sport-motoli-import-z-usa-ID6GAiEA.html
22964;Mercedes-Benz KlasaE;E;6.199999999999999;2005;400;4966;Automatyczna;otomoto.pl/osobowe/oferta/mercedes-benz-klasa-e-e500-ID6Gp3Ma.html
22982;Mercedes-Benz KlasaC;D;6.333333333333333;2009;312;1796;Automatyczna;otomoto.pl/osobowe/oferta/mercedes-benz-klasa-c-c200-avantgarde-navi-klimatronic-tempomat-kamera-cofania-pelen-serwis-ID6GxwfT.html
22989;Mercedes-Benz KlasaE;E;6.422222222222222;2002;325;3199;Automatyczna;otomoto.pl/osobowe/oferta/mercedes-benz-klasa-e-e320-doskonaly-stan-bezwypadkowy-pieknie-utrzymany-100-sprawny-ID6GzzUc.html
23061;Mercedes-Benz CLS;X;7.222222222222222;2004;330;4966;Automatyczna;otomoto.pl/osobowe/oferta/mercedes-benz-cls-cls-500-sprawny-gotowy-do-jazdy-ID6GC1GP.html
23076;Mercedes-Benz KlasaE;E;7.333333333333333;2005;340;2996;Automatyczna;otomoto.pl/osobowe/oferta/mercedes-benz-klasa-e-mercedes-e-280-3-0-benz-rarytas-super-stan-ID6Guovs.html
23089;Mercedes-Benz KlasaC;D;7.555555555555555;2010;309;1796;Manualna;otomoto.pl/osobowe/oferta/mercedes-benz-klasa-c-mercedes-c-klasa-osoba-prywatna-ID6G9D1F.html
23142;Mercedes-Benz GLK;X;8.2;2010;394;3498;Automatyczna;otomoto.pl/osobowe/oferta/mercedes-benz-glk-350-benzyna-272km-ID6GAAiI.html
23185;Mercedes-Benz ML;X;8.666666666666666;2005;383;3498;Automatyczna;otomoto.pl/osobowe/oferta/mercedes-benz-ml-sprzedam-mercedes-benz-ml-w164-4matic-v6-272-km-f-vat-23-ID6GtnQX.html
23189;Mercedes-Benz KlasaS;E;8.866666666666667;2001;323;5439;Automatyczna;otomoto.pl/osobowe/oferta/mercedes-benz-klasa-s-mercedes-s55-amg-europa-bezwyp-designo-ID6Fuj6K.html
23195;Mercedes-Benz KlasaE;E;8.866666666666667;1994;369;3199;Automatyczna;otomoto.pl/osobowe/oferta/mercedes-benz-w124-1984-1993-16-lat-w-jednych-rekach-sportline-klimatyzacja-tempomat-ID6GDrwm.html
23198;Mercedes-Benz KlasaE;E;8.866666666666667;2009;313;1796;Automatyczna;otomoto.pl/osobowe/oferta/mercedes-benz-klasa-e-mercedes-e-klasa-ID6Grjao.html
23202;Mercedes-Benz KlasaE;E;8.866666666666667;1999;319;4266;Automatyczna;otomoto.pl/osobowe/oferta/mercedes-benz-klasa-e-210-4-matic-4-3-avangarde-ID6F3QgH.html
23265;Mercedes-Benz SL;X;9.88888888888889;1992;330;2962;Manualna;otomoto.pl/osobowe/oferta/mercedes-benz-sl-4-osobowy-manualna-skrzynia-biegow-bardzo-zadbany-ID6GuS4D.html
23423;Mercedes-Benz CLA;C;12.222222222222221;2014;318;1595;Manualna;otomoto.pl/osobowe/oferta/mercedes-benz-cla-mercedes-cla-bezwypadkowy-ID6GznNv.html
23546;Mercedes-Benz KlasaE;E;14.444444444444445;2010;305;5461;Automatyczna;otomoto.pl/osobowe/oferta/mercedes-benz-klasa-e-stan-idealny-e-550-v8-dach-alcantara-bogate-wyposazenie-polecam-ID6GCWuK.html
23601;Mercedes-Benz KlasaE;E;15.444444444444445;2017;363;1991;Automatyczna;otomoto.pl/osobowe/oferta/mercedes-benz-klasa-e-stan-bardzo-dobry-9g-benzyna-serwisowany-w-aso-zamiana-ID6GB8YB.html
23622;Mercedes-Benz KlasaS;E;15.533333333333335;1992;353;4973;Automatyczna;otomoto.pl/osobowe/oferta/mercedes-benz-klasa-s-mercedes-w140-s500-ID6FYvxO.html
23765;Mercedes-Benz GL;X;17.555555555555557;2013;301;4663;Automatyczna;otomoto.pl/osobowe/oferta/mercedes-benz-gl-sprzedam-mercedes-gl-500-ID6G0aiD.html
23971;Mercedes-Benz KlasaS;E;20.555555555555557;2007;314;5513;Automatyczna;otomoto.pl/osobowe/oferta/mercedes-benz-klasa-s-s600l-ID6GyG4m.html
24457;Mercedes-Benz KlasaS;E;28.88888888888889;1991;365;4973;Automatyczna;otomoto.pl/osobowe/oferta/mercedes-benz-klasa-s-mercedes-500sec-piekny-europa-ID6GC8BF.html
24568;Mercedes-Benz KlasaB;MC;33.31111111111111;2023;937;1332;Automatyczna;otomoto.pl/osobowe/oferta/mercedes-benz-klasa-b-163-km-keyless-ambient-hak-polift-progresive-ID6Gqlbk.html
24573;Mercedes-Benz KlasaB;MC;33.31111111111111;2023;937;1332;Automatyczna;otomoto.pl/osobowe/oferta/mercedes-benz-klasa-b-163-km-keyless-ambient-hak-polift-progresive-ID6Gta7s.html
24580;Mercedes-Benz KlasaB;MC;33.31111111111111;2023;937;1332;Automatyczna;otomoto.pl/osobowe/oferta/mercedes-benz-klasa-b-163-km-keyless-ambient-hak-polift-progresive-ID6GCUD5.html
24659;Mercedes-Benz KlasaS;E;35.30844444444445;2013;365;5461;Automatyczna;otomoto.pl/osobowe/oferta/mercedes-benz-klasa-s-100-serwis-mercedes-long-4-matic-full-opcja-burmester-ID6GdSV9.html
26215;Suzuki SX4;SB;23.531111111111112;2023;422;1373;Manualna;otomoto.pl/osobowe/oferta/suzuki-sx4-s-cross-1-4-2wd-premium-jak-nowy-demo-dealera-mikro-przebieg-ID6GCMG4.html
26225;Suzuki SX4;SB;24.22222222222222;2023;850;1373;Manualna;otomoto.pl/osobowe/oferta/suzuki-sx4-s-cross-premium-129km-led-alu17-kamera-keyless-czujniki-parkowania-dostepny-om-ID6GBhy3.html
26275;Honda Civic;C;0.6666666666666666;1997;346;1396;Manualna;otomoto.pl/osobowe/oferta/honda-civic-honda-civic-1-4i-s-ID6GumP5.html
26320;Honda Accord;X;1.9777777777777779;2004;309;1998;Manualna;otomoto.pl/osobowe/oferta/honda-accord-benzyna-2-0-155km-ID6GD6DD.html
26341;Honda Civic;C;2.3333333333333335;2008;320;1799;Manualna;otomoto.pl/osobowe/oferta/honda-civic-honda-civic-ufo-2008-1-8-ID6GzHyo.html
26349;Honda Civic;C;2.6444444444444444;2006;339;1799;Manualna;otomoto.pl/osobowe/oferta/honda-civic-honda-civic-1-8-sedan-ID6GzRmN.html
26353;Honda Accord;X;2.6666666666666665;2003;334;1998;Manualna;otomoto.pl/osobowe/oferta/honda-accord-honda-accord-2-0-ID6GzJkU.html
26355;Honda Accord;X;2.6666666666666665;2003;307;2354;Manualna;otomoto.pl/osobowe/oferta/honda-accord-honda-accord-vii-2-4-2003-kombi-ID6GBsK9.html
26380;Honda FR-V;X;3.066666666666667;2008;331;1799;Manualna;otomoto.pl/osobowe/oferta/honda-fr-v-full-wersja-xenon-panorama-ID6Gzy74.html
26394;Honda Civic;C;3.111111111111111;2008;366;1339;Automatyczna;otomoto.pl/osobowe/oferta/honda-civic-automatyczna-skrzynia-biegow-instalacja-lpg-ID6GCy7y.html
26401;Honda Civic;C;3.3111111111111113;2008;330;1799;Manualna;otomoto.pl/osobowe/oferta/honda-civic-1-8i-vtec-140km-2008r-klima-alu-ID6GzqQE.html
26402;Honda Civic;C;3.3111111111111113;2007;301;1798;Manualna;otomoto.pl/osobowe/oferta/honda-civic-piekna-honda-civic-1-8-benzyna-zarejestrowany-oplacony-ID6FLp9k.html
26433;Honda CR-V;SC;3.5555555555555554;2003;308;1998;Manualna;otomoto.pl/osobowe/oferta/honda-cr-v-honda-cr-v-salon-polska-ID6Go9U4.html
26436;Honda CR-V;SC;3.755555555555555;2003;340;1998;Manualna;otomoto.pl/osobowe/oferta/honda-cr-v-auto-na-ryby-lub-grzyby-ID6GBnga.html
26451;Honda Civic;C;3.7775555555555553;2009;339;1799;Manualna;otomoto.pl/osobowe/oferta/honda-civic-honda-civic-1-8-140km-viii-sedan-2009r-ID6GByTO.html
26456;Honda Accord;X;3.7777777777777777;2001;304;2254;Manualna;otomoto.pl/osobowe/oferta/honda-accord-honda-accord-vi-v-tec-2001-ID6GzW32.html
26457;Honda Civic;C;3.7777777777777777;2007;316;1799;Manualna;otomoto.pl/osobowe/oferta/honda-civic-drugi-wlasciciel-ID6Gp4dK.html
26477;Honda Civic;C;3.9777777777777774;2006;362;1799;Manualna;otomoto.pl/osobowe/oferta/honda-civic-honda-civic-ufo-1-8-comfort-2006-ID6FO4Gm.html
26493;Honda Civic;C;4.022222222222222;2007;308;1799;Automatyczna;otomoto.pl/osobowe/oferta/honda-civic-honda-civic-viii-1-8-comfort-automat-ID6Gcj9k.html
26542;Honda Civic;C;4.422222222222222;2010;350;1799;Manualna;otomoto.pl/osobowe/oferta/honda-civic-sliczny-serwisowany-egzemplarz-ID6GCJDF.html
26547;Honda Civic;C;4.422222222222222;2009;324;1799;Manualna;otomoto.pl/osobowe/oferta/honda-civic-honda-civic-executive-salon-polska-ID6GyK6P.html
26624;Honda Accord;X;5.110888888888889;2007;302;2350;Manualna;otomoto.pl/osobowe/oferta/honda-accord-2-4-gwarancja-lift-manual-zadbany-serwis-warszawa-ID6FgiHI.html
26662;Honda Accord;X;5.6033333333333335;2009;323;1997;Automatyczna;otomoto.pl/osobowe/oferta/honda-accord-ID6GkzTd.html
26676;Honda CR-V;SC;5.7555555555555555;2006;340;1998;Manualna;otomoto.pl/osobowe/oferta/honda-cr-v-xenony-panorama-ID6G5KgG.html
26702;Honda Legend;X;5.977777777777778;2007;314;3471;Automatyczna;otomoto.pl/osobowe/oferta/honda-legend-super-wygodny-sprawny-samochod-swietny-na-dlugie-trasy-ID6G7CVC.html
26704;Honda CR-V;SC;6.0;2007;310;1997;Automatyczna;otomoto.pl/osobowe/oferta/honda-cr-v-automatyczna-skrzynia-biegow-hak-ID6GDACz.html
26735;Honda Accord;X;6.622222222222223;2011;320;1997;Manualna;otomoto.pl/osobowe/oferta/honda-accord-honda-accord-2-0-comfort-ID6GD9fB.html
26795;Honda Civic;C;7.688888888888889;2001;423;1998;Manualna;otomoto.pl/osobowe/oferta/honda-civic-honda-civic-coupe-k20-turbo-klima-sleeper-ID6GBt1V.html
26820;Honda CR-V;SC;7.999777777777778;2008;338;1997;Automatyczna;otomoto.pl/osobowe/oferta/honda-cr-v-honda-cr-v-iii-executive-automat-4x4-aso-ID6Gw303.html
26895;Honda CR-V;SC;8.955555555555556;2010;321;1997;Automatyczna;otomoto.pl/osobowe/oferta/honda-cr-v-pierwszy-wlasciciel-w-kraju-drugi-w-historii-auta-stan-idealny-ID6Gwzu3.html
27674;Chevrolet Captiva;X;4.422222222222222;2006;310;2405;Manualna;otomoto.pl/osobowe/oferta/chevrolet-captiva-wzor-2-4b-136km-skory-zarejestrowana-ID6GxcN0.html
27855;Chevrolet Tahoe;X;12.422222222222222;2007;350;5300;Automatyczna;otomoto.pl/osobowe/oferta/chevrolet-tahoe-5-3v8-320km-7-miejsc-zarejestrowany-ID6GAHKl.html
27860;Chevrolet Camaro;X;14.666666666666666;2013;322;3600;Automatyczna;otomoto.pl/osobowe/oferta/chevrolet-camaro-piekne-camaro-ID6GwsOu.html
28506;Subaru Forester;X;2.222;2007;354;1994;Manualna;otomoto.pl/osobowe/oferta/subaru-forester-z-niemiec-jeden-wlasciciel-ID6GufWB.html
28548;Subaru Forester;X;4.422222222222222;2006;399;1994;Manualna;otomoto.pl/osobowe/oferta/subaru-forester-wyprawowy-4x4-z-reduktorem-kielichy-po-regeneracji-ID6Go8ZQ.html
28556;Subaru Forester;X;4.777777777777778;2007;320;1994;Manualna;otomoto.pl/osobowe/oferta/subaru-forester-subaru-forester-2-0-winter-edition-ID6GDs1g.html
28571;Subaru Outback;X;5.553333333333333;2014;342;2498;Automatyczna;otomoto.pl/osobowe/oferta/subaru-outback-2-5i-pelen-serwis-aso-bezwypadkowy-niemiecki-ID6GBgLL.html
28604;Subaru Forester;X;6.877777777777777;2009;315;1994;Manualna;otomoto.pl/osobowe/oferta/subaru-forester-2-0-benzyna-klima-alu-oplacony-ID6Gj0sn.html
28632;Subaru Forester;X;10.0;2013;310;1998;Automatyczna;otomoto.pl/osobowe/oferta/subaru-forester-subaru-forester-xt-platinum-salon-polska-ii-wlasciciel-ID6GqbeY.html
28642;Subaru Forester;X;11.755555555555555;2014;348;1998;Automatyczna;otomoto.pl/osobowe/oferta/subaru-forester-subaru-forester-xt-2-0-benz-240km-platinum-pl-salon-aso-nowy-silnik-ID6FVvwK.html
28658;Subaru Outback;X;13.977777777777778;2015;302;2498;Automatyczna;otomoto.pl/osobowe/oferta/subaru-outback-subaru-outback-2-5-exclusive-nowa-nizsza-cena-do-negocjacji-ID6GuxDn.html
28674;Subaru Impreza;X;15.533333333333335;1999;332;1994;Manualna;otomoto.pl/osobowe/oferta/subaru-impreza-gt-szwajcaria-bardzo-ladny-stan-ID6G5jzd.html
28823;Nissan Primera;X;1.4222222222222223;1997;303;1998;Manualna;otomoto.pl/osobowe/oferta/nissan-primera-salon-polska-od-pierwszego-wlasciciela-nadal-czarne-tablice-ID6Gs6BD.html
28841;Nissan Note;X;1.6888888888888889;2006;357;1386;Manualna;otomoto.pl/osobowe/oferta/nissan-note-nissan-note-ID6GozpE.html
28861;Nissan Primera;X;2.0;2006;315;1998;Manualna;otomoto.pl/osobowe/oferta/nissan-primera-sprzedam-nissan-primera-ID6GvmDK.html
28909;Nissan NV200;X;2.8666666666666667;2015;340;1598;Automatyczna;otomoto.pl/osobowe/oferta/nissan-nv200-nowy-york-taxi-2015r-automat-2-0-benzyna-okazja-gotowa-do-rej-ID6GkoAV.html
28976;Nissan X-Trail;X;3.9777777777777774;2004;301;2488;Manualna;otomoto.pl/osobowe/oferta/nissan-x-trail-nissan-x-trail-4x4-import-ladny-stan-ID6GqSfS.html
29020;Nissan Qashqai;SC;4.422222222222222;2007;301;1997;Manualna;otomoto.pl/osobowe/oferta/nissan-qashqai-4x4-2-0-benzyna-climatronic-sprawny-zamiana-mozliwa-ID6GDNv2.html
29048;Nissan Qashqai;SC;4.666666666666667;2008;330;1997;Manualna;otomoto.pl/osobowe/oferta/nissan-qashqai-2-solidny-suv-ID6GCRtQ.html
29236;Nissan X-Trail;X;6.666444444444444;2015;427;1618;Manualna;otomoto.pl/osobowe/oferta/nissan-x-trail-1-6-benzyna-biala-perla-panorama-xenon-skora-tekena-ID6GBxTd.html
30480;Nissan Juke;SB;21.755555555555556;2023;500;999;Manualna;otomoto.pl/osobowe/oferta/nissan-juke-1-0-114-km-6mt-n-design-nawigacja-nissanconnect-nadw-dwukolorow-ID6Gsdzv.html
30510;Nissan Juke;SB;23.311111111111114;2023;656;999;Automatyczna;otomoto.pl/osobowe/oferta/nissan-juke-n-connecta-1-0-dig-t-114km-7dct-pakiet-zimowy-pakiet-design-2023r-ID6GzojK.html
30560;Nissan Townstar;X;25.755555555555556;2023;562;1333;Manualna;otomoto.pl/osobowe/oferta/nissan-townstar-1-3-dig-t-130km-n-connecta-polski-salon-pierwszy-wlasciciel-fv23-ID6GnQsa.html
30711;Nissan Patrol;X;35.55555555555556;2003;364;4759;Automatyczna;otomoto.pl/osobowe/oferta/nissan-patrol-nissan-patrol-super-safari-y61-gu3-4-8-vtc-ID6GxXmA.html
30743;Volkswagen Golf;C;0.6666666666666666;2000;301;1598;Manualna;otomoto.pl/osobowe/oferta/volkswagen-golf-sprawny-technicznie-golf-4-kombi-1-6-16v-z-hakiem-ID6GD8cs.html
30766;Volkswagen Passat;D;0.9555555555555555;1994;309;1781;Manualna;otomoto.pl/osobowe/oferta/volkswagen-passat-unikat-1-8-benzyna-sedan-wspomaganie-zdrowy-b4-malo-takich-ID6FwcS4.html
30776;Volkswagen Golf;C;1.0;2003;348;1598;Manualna;otomoto.pl/osobowe/oferta/volkswagen-golf-1-6-16v-105km-ID6GxMp1.html
30793;Volkswagen Golf;C;1.1111111111111112;2001;346;1598;Manualna;otomoto.pl/osobowe/oferta/volkswagen-golf-volkswagen-golf-iv-highline-1-6-benzyna-77kw-ID6GCVQ5.html
30794;Volkswagen Passat;D;1.1111111111111112;2002;308;1781;Manualna;otomoto.pl/osobowe/oferta/volkswagen-passat-volkswagen-passat-b5-fl-1-8t-150km-2002r-ID6GBhIW.html
30813;Volkswagen NewBeetle;X;1.2888888888888888;2002;350;1984;Manualna;otomoto.pl/osobowe/oferta/volkswagen-new-beetle-vw-new-beetle-fajny-stan-ewentualnie-zamienie-ID6GsMiD.html
30879;Volkswagen Passat;D;1.7333333333333334;2006;318;1984;Manualna;otomoto.pl/osobowe/oferta/volkswagen-passat-syndyk-sprzeda-vw-passat-b6-2-0-benzyna-kombi-rok-prod-2006-ID6GsIsD.html
30899;Volkswagen Touran;X;1.822222222222222;2003;305;1598;Manualna;otomoto.pl/osobowe/oferta/volkswagen-touran-touran-1-6-fsi-ID6GANuC.html
30914;Volkswagen Polo;B;1.9088888888888889;2006;318;1198;Manualna;otomoto.pl/osobowe/oferta/volkswagen-polo-ID6GcUIb.html
30918;Volkswagen Passat;D;1.9333333333333331;2006;314;1598;Manualna;otomoto.pl/osobowe/oferta/volkswagen-passat-zarejestrowany-oplacony-klimatronik-ID6GDyi8.html
30941;Volkswagen Golf;C;1.9997777777777779;2007;332;1595;Manualna;otomoto.pl/osobowe/oferta/volkswagen-golf-volkswagen-golf-v-ID6GBMPr.html
30975;Volkswagen Golf;C;2.2222222222222223;1999;302;1781;Manualna;otomoto.pl/osobowe/oferta/volkswagen-golf-golf-iv-1-8t-gti-99r-ID6GCUxC.html
30981;Volkswagen Touran;X;2.2666666666666666;2005;321;1595;Manualna;otomoto.pl/osobowe/oferta/volkswagen-touran-vw-touran-1-6-mpi-hak-ogrzewanie-postojowe-na-pilota-ID6GDCiT.html
30998;Volkswagen Touran;X;2.4222222222222225;2005;380;1598;Manualna;otomoto.pl/osobowe/oferta/volkswagen-touran-1-6-fsi-salon-pl-pierwszy-wlasciciel-ID6GtYPD.html
31014;Volkswagen Passat;D;2.5555555555555554;2005;302;1984;Automatyczna;otomoto.pl/osobowe/oferta/volkswagen-passat-ID6GAXNh.html
31060;Volkswagen Passat;D;2.7777777777777777;2007;374;1984;Manualna;otomoto.pl/osobowe/oferta/volkswagen-passat-vw-passat-b6-kombi-2-0-fsi-150km-ID6GCYpV.html
31063;Volkswagen Jetta;X;2.7777777777777777;2006;320;1984;Manualna;otomoto.pl/osobowe/oferta/volkswagen-jetta-comfortline-klima-tempomat-kola-r18-ID6GDhkQ.html
31071;Volkswagen Polo;B;2.822222222222222;2010;304;1198;Manualna;otomoto.pl/osobowe/oferta/volkswagen-polo-volkswagen-polo-1-2-2010r-5-cio-drzwiowy-ID6GzIzG.html
31101;Volkswagen Golf;C;2.888888888888889;2011;308;1390;Manualna;otomoto.pl/osobowe/oferta/volkswagen-golf-1-4-tsi-salon-polska-klima-tempomat-bezkolizyjny-parktronic-ID6GCzil.html
31102;Volkswagen Golf;C;2.888888888888889;2005;330;1984;Manualna;otomoto.pl/osobowe/oferta/volkswagen-golf-volkswagen-golf-5-2-0-fsi-doinwestowany-ID6Gg3QQ.html
31146;Volkswagen Golf;C;3.2;2010;317;1197;Manualna;otomoto.pl/osobowe/oferta/volkswagen-golf-1-2tsi-105ps-klimatyzacja-serwis-bezwypadek-ID6GCEAS.html
31334;Volkswagen Golf;C;3.9777777777777774;2009;330;1390;Manualna;otomoto.pl/osobowe/oferta/volkswagen-golf-volkswagen-golf-vi-1-4-tsi-highline-160km-wersja-united-r-line-ID6GAxdh.html
31545;Volkswagen Passat;D;4.777777777777778;2009;327;1798;Manualna;otomoto.pl/osobowe/oferta/volkswagen-passat-volkswagen-passat-1-8t-160-km-2009r-ID6GBijd.html
31555;Volkswagen Passat;D;4.866666666666666;2012;340;1395;Manualna;otomoto.pl/osobowe/oferta/volkswagen-passat-1-4-turbo-150-km-6-biegow-bialy-kolor-tempomat-grzane-fotele-ID6GAxw8.html
31582;Volkswagen Passat;D;4.866666666666666;2012;340;1395;Manualna;otomoto.pl/osobowe/oferta/volkswagen-passat-1-4-turbo-150-km-6-biegow-bialy-kolor-tempomat-grzane-fotele-ID6GAxw8.html
31630;Volkswagen Passat;D;5.088888888888889;2011;304;1798;Manualna;otomoto.pl/osobowe/oferta/volkswagen-passat-1-8-160-km-salon-pl-bezwypadkowy-stan-bardzo-dobry-ID6FwUR6.html
31773;Volkswagen Golf;C;5.555555555555555;2013;314;1197;Manualna;otomoto.pl/osobowe/oferta/volkswagen-golf-golf-7-1-2-tsi-ID6GAAsV.html
31829;Volkswagen Touran;X;5.777777777777778;2011;303;1390;Automatyczna;otomoto.pl/osobowe/oferta/volkswagen-touran-salon-polska-pierwszy-wlasciciel-ID6GBRFM.html
31831;Volkswagen Golf;C;5.777777777777778;2014;350;1197;Manualna;otomoto.pl/osobowe/oferta/volkswagen-golf-vii-1-2-tsi-benzyna-5-drzwi-7-czujniki-cofania-super-stan-nowe-opony-ID6Gk4IH.html
31994;Volkswagen Golf;C;6.532666666666667;2017;390;1395;Manualna;otomoto.pl/osobowe/oferta/volkswagen-golf-salon-polska-pierwszy-wlasciciel-2017r-alufel-klimatronik-ID6GDLek.html
32122;Volkswagen Passat;D;7.111111111111111;2003;317;3999;Manualna;otomoto.pl/osobowe/oferta/volkswagen-passat-passat-w8-ID6G6bM1.html
32175;Volkswagen CC;X;7.533333333333333;2010;330;1798;Manualna;otomoto.pl/osobowe/oferta/volkswagen-cc-vw-passat-cc-2010-160-km-340tys-przebiegu-serwisowany-bezwypadkowy-ID6GotL1.html
32193;Volkswagen Golf;C;7.555555555555555;2014;341;1395;Manualna;otomoto.pl/osobowe/oferta/volkswagen-golf-volkswagen-golf-7-variant-1-4-tsi-highline-ID6GDOjq.html
32225;Volkswagen Golf;C;7.7555555555555555;2017;327;1395;Manualna;otomoto.pl/osobowe/oferta/volkswagen-golf-vii-1-4-tsi-bmt-comfortline-ID6GuBbQ.html
32310;Volkswagen Passat;D;8.222222222222221;2015;356;1395;Manualna;otomoto.pl/osobowe/oferta/volkswagen-passat-volkswagen-passat-polski-salon-ID6Gojmv.html
32328;Volkswagen Caravelle;X;8.422222222222222;2006;370;1984;Manualna;otomoto.pl/osobowe/oferta/volkswagen-caravelle-vw-t5-caravelle-long-2-0-b-klima-9-os-bezwyp-stan-bdb-ID6GCT7Q.html
32485;Volkswagen Passat;D;9.755555555555555;2015;303;1798;Automatyczna;otomoto.pl/osobowe/oferta/volkswagen-passat-bezwypadkowy-salonpl-oryginal-caly-fv23-cena-brutto-ID6GzKcU.html
32889;Volkswagen Passat;D;13.333333333333334;2016;361;1984;Automatyczna;otomoto.pl/osobowe/oferta/volkswagen-passat-alltrack-salon-pl-bezwypadkowy-ID6GskbP.html
33882;Volkswagen T-Cross;X;22.422222222222224;2023;500;1000;Automatyczna;otomoto.pl/osobowe/oferta/volkswagen-t-cross-demo-t-cross-style-1-0-tsi-110-km-dsg-7-stopniowa-ID6Gawxz.html
33924;Volkswagen Polo;B;23.311111111111114;2023;500;1000;Automatyczna;otomoto.pl/osobowe/oferta/volkswagen-polo-demo-polo-style-1-0-tsi-70-kw-95-km-dsg-7-stopniowa-ID6Gap6K.html
33984;Volkswagen T-Cross;X;23.977777777777778;2023;553;999;Automatyczna;otomoto.pl/osobowe/oferta/volkswagen-t-cross-1-0-tsi-110km-style-dgs-7-aso-od-dealera-ID6GkZIr.html
33993;Volkswagen Taigo;X;24.177777777777777;2023;550;999;Automatyczna;otomoto.pl/osobowe/oferta/volkswagen-taigo-style-1-0-tsi-81-kw-110-km-dsg-7-stopniowa-ID6GgUtX.html
34063;Volkswagen T-Cross;X;24.88888888888889;2023;648;999;Automatyczna;otomoto.pl/osobowe/oferta/volkswagen-t-cross-style-1-0tsi-110km-automat-dsg-pakiet-comfort-tech-demo-dealera-ID6FRHjn.html
34229;Volkswagen Taigo;X;26.644444444444446;2023;865;1498;Automatyczna;otomoto.pl/osobowe/oferta/volkswagen-taigo-style-1-5-tsi-150-km-dsg-7-demo-ID6GuZ8D.html
34262;Volkswagen Taigo;X;27.555555555555557;2023;892;1498;Automatyczna;otomoto.pl/osobowe/oferta/volkswagen-taigo-opony-zimowe-w-cenie-dostepny-od-reki-ID6FzbHq.html
34425;Volkswagen T-Roc;SB;30.866666666666667;2023;764;1498;Automatyczna;otomoto.pl/osobowe/oferta/volkswagen-t-roc-style-1-5-tsi-150-km-dsg-pakiet-comfort-iq-matrix-navi-demo-ID6Gw6xP.html
34434;Volkswagen Golf;C;31.04444444444444;2023;447;1498;Automatyczna;otomoto.pl/osobowe/oferta/volkswagen-golf-golf-style-1-5-etsi-evo-mhev-110kw-150km-dsg-reflektory-matrix-ID6GCfRb.html
34590;Volkswagen Tiguan;SC;36.955555555555556;2023;800;1500;Automatyczna;otomoto.pl/osobowe/oferta/volkswagen-tiguan-tiguan-r-line-1-5-tsi-150-km-automatyczna-dsg-7-stopniowa-ID6GgFyC.html
34654;Volkswagen Arteon;D;42.888888888888886;2023;500;2000;Automatyczna;otomoto.pl/osobowe/oferta/volkswagen-arteon-arteon-r-line-2-0-tsi-140-kw-190-km-automatyczna-dsg-7-stopniowa-ID6Gc604.html
34664;Volkswagen Arteon;D;44.355555555555554;2023;700;2000;Automatyczna;otomoto.pl/osobowe/oferta/volkswagen-arteon-demo-arteon-r-line-2-0-tsi-190-km-automatyczna-dsg-7-stopniowa-ID6GgFw2.html
34678;BMW Seria3;C;0.8888888888888888;1992;317;1795;Manualna;otomoto.pl/osobowe/oferta/bmw-seria-3-bmw-e36-1992-1-8i-wazne-oc-i-przeglad-ID6GBk6m.html
34689;BMW Seria5;D;1.5533333333333335;2000;301;1991;Manualna;otomoto.pl/osobowe/oferta/bmw-seria-5-zarejestrowany-2-0i-150km-klimatronik-alufelgi-pierwszy-wlasciciel-ID6GjIgz.html
34692;BMW Seria3;C;1.5555555555555556;2000;420;1991;Automatyczna;otomoto.pl/osobowe/oferta/bmw-seria-3-bmw-e46-coupe-2-0-r6-2000r-320ci-ID6GwMYM.html
34701;BMW Seria3;C;1.7775555555555556;2002;330;2171;Manualna;otomoto.pl/osobowe/oferta/bmw-seria-3-niemiec-lift-2-2-ben-xenonclimatronicalusyszyberdach-zadbana-ID6GmjCz.html
34710;BMW Seria5;D;1.9333333333333331;1999;310;1991;Manualna;otomoto.pl/osobowe/oferta/bmw-seria-5-e39-520i-r6-alufelgi-klima-ID6GAN85.html
34723;BMW Seria3;C;2.111111111111111;2003;306;1995;Manualna;otomoto.pl/osobowe/oferta/bmw-seria-3-bmw-e46-sprzedam-zamienie-na-cos-z-gazem-z-2005-r-ID6GrX4u.html
34725;BMW Seria5;D;2.2;2001;346;2494;Manualna;otomoto.pl/osobowe/oferta/bmw-seria-5-525i-touring-manual-lift-navi-ID6Gfndl.html
34727;BMW Seria3;C;2.2;2002;333;1995;Automatyczna;otomoto.pl/osobowe/oferta/bmw-seria-3-bmw-318i-e46-touring-klimatyzacja-czujniki-parkowania-nowy-rozrzad-ID6Gm4Tx.html
34735;BMW Seria5;D;2.4222222222222225;2003;305;2171;Manualna;otomoto.pl/osobowe/oferta/bmw-seria-5-520i-e39-2-2-benzyna-170km-manual-super-stan-ID6G1QtJ.html
34788;BMW Seria5;D;3.088888888888889;2003;303;2494;Manualna;otomoto.pl/osobowe/oferta/bmw-seria-5-sprzedam-bmw-e60-ladna-oplacona-dobry-stan-ID6G4alz.html
34795;BMW Seria3;C;3.111111111111111;2005;319;1995;Manualna;otomoto.pl/osobowe/oferta/bmw-seria-3-bmw-e90-318i-ID6G9lQ1.html
34800;BMW Seria5;D;3.2222222222222223;2003;388;2494;Automatyczna;otomoto.pl/osobowe/oferta/bmw-seria-5-bmw-seria-5-e60-525i-2-5-192km-benzyna-automat-dlugie-oplaty-ID6Guwhq.html
34805;BMW Seria5;D;3.2222222222222223;1998;434;2494;Manualna;otomoto.pl/osobowe/oferta/bmw-seria-5-bezwypadkowe-zadbane-e39-2-5-benzyna-manual-stan-bdb-ID6G9FFj.html
34814;BMW Seria1;C;3.3111111111111113;2007;320;1995;Manualna;otomoto.pl/osobowe/oferta/bmw-seria-1-bmw-seria-1-e81-lci-2-0-ID6GBjAr.html
34833;BMW Seria5;D;3.3333333333333335;2007;398;2497;Automatyczna;otomoto.pl/osobowe/oferta/bmw-seria-5-bmw-e61-525-automat-ID6GvnlL.html
34853;BMW Seria3;C;3.533333333333333;2002;318;2494;Manualna;otomoto.pl/osobowe/oferta/bmw-seria-3-m54-bezwypadek-bez-rdzy-ksenon-sportsitze-ID6Gvks7.html
34863;BMW Seria3;C;3.5555555555555554;2007;305;1995;Manualna;otomoto.pl/osobowe/oferta/bmw-seria-3-bmw-e91-kombi-2-0i-150km-ID6GAA2K.html
34873;BMW Seria3;C;3.6666666666666665;2002;332;2171;Automatyczna;otomoto.pl/osobowe/oferta/bmw-seria-3-e46-pierwszy-wlasciciel-w-pl-skrzynia-automatyczna-m54b22-oc-ID6GBwuV.html
34879;BMW Seria5;D;3.6666666666666665;1996;313;1991;Manualna;otomoto.pl/osobowe/oferta/bmw-seria-5-bmw-e34-touring-technofiolet-ID6GoULx.html
34894;BMW Seria5;D;3.755555555555555;1999;314;2494;Manualna;otomoto.pl/osobowe/oferta/bmw-seria-5-zadbane-e39-nietuzinkowa-kolorystyka-okazja-ID6GCAiS.html
34929;BMW Seria5;D;3.888888888888889;2004;302;2494;Automatyczna;otomoto.pl/osobowe/oferta/bmw-seria-5-stan-dobry-ID6Gzgw9.html
34995;BMW Seria3;C;4.199999999999999;2002;332;2494;Manualna;otomoto.pl/osobowe/oferta/bmw-seria-3-bmw-325ti-e46-compact-ID6GBcXc.html
34999;BMW Seria3;C;4.199999999999999;2002;332;2494;Manualna;otomoto.pl/osobowe/oferta/bmw-seria-3-bmw-325ti-e46-compact-ID6GBcXc.html
35014;BMW Seria5;D;4.222222222222222;2005;306;2497;Manualna;otomoto.pl/osobowe/oferta/bmw-seria-5-bmw-e61-523i-bezwypadkowe-skrzynia-manualna-6-cio-biegowa-ID6GCOO3.html
35018;BMW Seria3;C;4.333333333333333;2007;342;2996;Automatyczna;otomoto.pl/osobowe/oferta/bmw-seria-3-bmw-e91-touring-4x4-2007r-ID6GraT1.html
35050;BMW Seria3;C;4.422222222222222;2006;345;2497;Automatyczna;otomoto.pl/osobowe/oferta/bmw-seria-3-bmw-seria-3-e90-2-5i-218km-2006r-ID6Gzjla.html
35057;BMW X3;X;4.444222222222222;2006;338;2979;Automatyczna;otomoto.pl/osobowe/oferta/bmw-x3-ID6Gopbe.html
35065;BMW Seria3;C;4.444444444444445;2005;330;2497;Manualna;otomoto.pl/osobowe/oferta/bmw-seria-3-325i-zadbana-seryjne-twardsze-zawieszenie-krotki-uklad-kierowniczy-ID6GyWng.html
35085;BMW Seria5;D;4.644444444444444;2005;330;2497;Automatyczna;otomoto.pl/osobowe/oferta/bmw-seria-5-525i-218-koni-nawigacja-klimatronik-mozliwa-zamiana-ID6Ginvs.html
35136;BMW Seria3;C;5.0;2003;349;2979;Manualna;otomoto.pl/osobowe/oferta/bmw-seria-3-bmw-330xi-touring-ID6GyGXm.html
35171;BMW Z3;X;5.222222222222222;1997;340;2793;Manualna;otomoto.pl/osobowe/oferta/bmw-z3-e36-7-m52b28tu-2-8l-ID6GDKyQ.html
35174;BMW Seria3;C;5.266666666666667;2007;330;2497;Automatyczna;otomoto.pl/osobowe/oferta/bmw-seria-3-ID6GDFvU.html
35216;BMW Seria5;D;5.533333333333333;2008;322;2996;Automatyczna;otomoto.pl/osobowe/oferta/bmw-seria-5-525-3-0-217ps-jasne-skory-serwisowana-nawigacja-ID6GAcH0.html
35224;BMW Seria3;C;5.555555555555555;2008;339;1995;Automatyczna;otomoto.pl/osobowe/oferta/bmw-seria-3-bmw-seria3-e91-ID6GtLDV.html
35226;BMW Seria5;D;5.555555555555555;2002;408;2979;Automatyczna;otomoto.pl/osobowe/oferta/bmw-seria-5-bmw-e39-2002-530ia-exclusive-ID6Gx9k7.html
35266;BMW Seria3;C;5.888888888888889;2006;385;2497;Automatyczna;otomoto.pl/osobowe/oferta/bmw-seria-3-e91-325i-m-pakiet-ID6GBvWe.html
35270;BMW Seria5;D;5.944444444444445;2008;304;2497;Automatyczna;otomoto.pl/osobowe/oferta/bmw-seria-5-bmw-seria-5-523i-e61-mpakiet-2008-ID6GCBQ6.html
35292;BMW Seria3;C;6.111111111111111;2001;349;2979;Manualna;otomoto.pl/osobowe/oferta/bmw-seria-3-bmw-seria-3-330i-ID6GC6kT.html
35304;BMW Seria5;D;6.199999999999999;2005;335;2996;Automatyczna;otomoto.pl/osobowe/oferta/bmw-seria-5-3-0-ben-258-km-bi-xenon-skora-nawigacja-komforty-ID6GzkwZ.html
35305;BMW Seria5;D;6.199999999999999;2007;349;2996;Manualna;otomoto.pl/osobowe/oferta/bmw-seria-5-x-drive-navi-skory-bezwypadkowy-ID6Gspld.html
35306;BMW Seria7;X;6.199999999999999;2006;329;4000;Automatyczna;otomoto.pl/osobowe/oferta/bmw-seria-7-740i-automat-klimatronic-skora-pdc-alu-zadbany-ID6GC2c6.html
35317;BMW Seria5;D;6.222222222222222;2008;323;2497;Manualna;otomoto.pl/osobowe/oferta/bmw-seria-5-100-org-lakier-bezwypadek-nowe-opony-super-stan-carplay-bi-xeno-ID6Gzh5g.html
35344;BMW Seria5;D;6.555555555555555;2006;330;2996;Manualna;otomoto.pl/osobowe/oferta/bmw-seria-5-bmw-seria-5-530i-sedan-ID6GCPw0.html
35364;BMW Seria5;D;6.644444444444444;1996;303;4398;Automatyczna;otomoto.pl/osobowe/oferta/bmw-seria-5-bmw-540i-e39-zarejestrowana-zadbana-full-opcja-ID6Gswx8.html
35381;BMW Seria7;X;6.666444444444444;2001;352;4398;Automatyczna;otomoto.pl/osobowe/oferta/bmw-seria-7-bmw-745i-e65-ID6GDsmF.html
35391;BMW Seria3;C;6.666666666666667;2005;373;2979;Automatyczna;otomoto.pl/osobowe/oferta/bmw-seria-3-lift-baza-do-klasyka-youngtimer-ID6GAgSv.html
35392;BMW Seria7;X;6.844444444444445;1999;391;3498;Automatyczna;otomoto.pl/osobowe/oferta/bmw-seria-7-3-5-v8-238km-e38-sprowadzony-zadbany-xeony-masaze-film-ID6GAyio.html
35431;BMW Seria3;C;7.222222222222222;1994;303;1796;Manualna;otomoto.pl/osobowe/oferta/bmw-seria-3-bmw-e36-gt-klass-ii-ID6GB0Zs.html
35434;BMW Seria5;D;7.2666666666666675;1994;410;2997;Automatyczna;otomoto.pl/osobowe/oferta/bmw-seria-5-touring-v8-bez-korozji-ID6GCYO1.html
35465;BMW Seria3;C;7.533333333333333;2009;320;1995;Manualna;otomoto.pl/osobowe/oferta/bmw-seria-3-m-pakiet-keyless-duza-navi-fotochrom-shadow-line-jasna-skora-elektryka-ID6GsIEc.html
35467;BMW X3;X;7.555555555555555;2007;302;2497;Automatyczna;otomoto.pl/osobowe/oferta/bmw-x3-atrakcyjna-bmw-x3-automat-skora-ID6GzHrt.html
35488;BMW Seria5;D;7.888888888888889;2004;398;4398;Automatyczna;otomoto.pl/osobowe/oferta/bmw-seria-5-bmw-545i-e61-333km-benzyna-lpg-ID6GCSgG.html
35508;BMW Seria5;D;8.11111111111111;2011;306;2996;Automatyczna;otomoto.pl/osobowe/oferta/bmw-seria-5-bmw-f11-benzyna-automat-super-stan-ID6GAxRv.html
35520;BMW Seria7;X;8.2;2001;320;2793;Automatyczna;otomoto.pl/osobowe/oferta/bmw-seria-7-bmw-e38-2001-liftexecutiveks-serwisowaswietny-stan-ID6Gzh4I.html
35539;BMW Seria3;C;8.555555555555555;2006;305;2497;Automatyczna;otomoto.pl/osobowe/oferta/bmw-seria-3-bmw-seria-3-e90-325i-full-m-pakiet-ID6GADaS.html
35546;BMW Z4;X;8.886666666666667;2005;323;2171;Manualna;otomoto.pl/osobowe/oferta/bmw-z4-2-komplety-kol-mozliwa-zamiana-door-to-door-faktura-vat-ID6Gx8mO.html
35619;BMW Seria7;X;10.0;2000;320;5379;Automatyczna;otomoto.pl/osobowe/oferta/bmw-seria-7-bmw-e38-lift-750i-ID6GjGhK.html
35632;BMW Seria5;D;10.333333333333334;2013;349;1997;Manualna;otomoto.pl/osobowe/oferta/bmw-seria-5-bmw-f10-bogate-wyposazenie-ID6GtYOL.html
35647;BMW Seria7;X;10.600000000000001;1995;327;5379;Automatyczna;otomoto.pl/osobowe/oferta/bmw-seria-7-750i-v12-automat-full-piekna-okazja-ID6GB60X.html
35666;BMW Seria5;D;10.88888888888889;1997;302;4398;Automatyczna;otomoto.pl/osobowe/oferta/bmw-seria-5-ID6GhX8l.html
35697;BMW Seria5;D;11.11111111111111;2017;398;1998;Automatyczna;otomoto.pl/osobowe/oferta/bmw-seria-5-g30-g31-2-0-benzyna-184km-2017r-ID6GAudq.html
35711;BMW Seria7;X;11.555555555555555;1995;362;5379;Automatyczna;otomoto.pl/osobowe/oferta/bmw-seria-7-bmw-e38-750i-v12-ID6Gtc6w.html
35737;BMW Seria5;D;12.644444444444444;2011;332;2996;Manualna;otomoto.pl/osobowe/oferta/bmw-seria-5-bmw-5-f10-523i-204-km-ID6GzkXj.html
35971;BMW Seria5;D;16.22222222222222;2012;317;2979;Automatyczna;otomoto.pl/osobowe/oferta/bmw-seria-5-bmw-535i-xdrive-ID6GAiXe.html
37365;Ford Focus;C;0.6333333333333333;2000;330;1596;Manualna;otomoto.pl/osobowe/oferta/ford-focus-ford-focus-kombi-1-6-benzyna-1-wlasciciel-ID6GDGjL.html
37415;Ford C-Max;X;1.3311111111111111;2004;353;1798;Manualna;otomoto.pl/osobowe/oferta/ford-focus-c-max-2004r-1-8-benzyna-gaz-klimatyzacja-zamiana-ID6GDGQn.html
37419;Ford Focus;C;1.3333333333333333;2005;325;1596;Manualna;otomoto.pl/osobowe/oferta/ford-focus-ford-focus-1-6-benzyna-ID6GyC4W.html
37452;Ford Focus;C;1.5555555555555556;2007;305;1596;Manualna;otomoto.pl/osobowe/oferta/ford-focus-ford-focus-mk2-1-6-ID6GCe73.html
37487;Ford Focus;C;1.7777777777777777;2006;317;1596;Manualna;otomoto.pl/osobowe/oferta/ford-focus-fokus-mk2-platinium-kombi-bezwypadkowy-ID6GDafM.html
37497;Ford Fiesta;B;1.8666666666666667;2011;312;1242;Manualna;otomoto.pl/osobowe/oferta/ford-fiesta-van-2-osobowy-klimatyzacja-sprawna-nowe-opony-akumulator-ID6GgEV5.html
37608;Ford Mondeo;D;2.4222222222222225;2005;315;2967;Manualna;otomoto.pl/osobowe/oferta/ford-mondeo-ford-mondeo-mk3-3-0-v6-200km-kombi-ID6GBmLv.html
37630;Ford Focus;C;2.5555555555555554;2009;305;1596;Manualna;otomoto.pl/osobowe/oferta/ford-focus-benzyna-klimatyzacja-kombi-ID6FNT9j.html
37663;Ford Focus;C;2.7777777777777777;2010;341;1596;Manualna;otomoto.pl/osobowe/oferta/ford-focus-ford-focus-mk2fl-trend-kombi-1-6-16v-benzyna-2010-ID6GD9Lh.html
37729;Ford Mondeo;D;3.088888888888889;2008;317;1998;Manualna;otomoto.pl/osobowe/oferta/ford-mondeo-ford-mondeo-2-0b-2008r-titanium-x-convers-nawigacja-climatronic-alu-ID6GA7gK.html
37730;Ford Mondeo;D;3.088888888888889;2004;334;2967;Manualna;otomoto.pl/osobowe/oferta/ford-mondeo-st-3-0-v6-226km-bezwypadkowy-zdrowy-zadbany-czerwona-skora-recaro-ID6GAKOD.html
37747;Ford Mondeo;D;3.088888888888889;2008;317;1998;Manualna;otomoto.pl/osobowe/oferta/ford-mondeo-ford-mondeo-2-0b-2008r-titanium-x-convers-nawigacja-climatronic-alu-ID6GA7gK.html
37748;Ford Mondeo;D;3.088888888888889;2004;334;2967;Manualna;otomoto.pl/osobowe/oferta/ford-mondeo-st-3-0-v6-226km-bezwypadkowy-zdrowy-zadbany-czerwona-skora-recaro-ID6GAKOD.html
37798;Ford Focus;C;3.3111111111111113;2008;305;1596;Manualna;otomoto.pl/osobowe/oferta/ford-focus-1-6b-100km-navi-dobry-stan-ID6GCNGa.html
38169;Ford Focus;C;4.422222222222222;2015;335;998;Manualna;otomoto.pl/osobowe/oferta/ford-focus-focus-1-0-ecoboost-klima-salon-pl-2015-ID6GqeRF.html
38454;Ford C-MAX;MC;5.533333333333333;2012;340;1596;Manualna;otomoto.pl/osobowe/oferta/ford-grand-c-max-grand-c-max-1-6-benzyna-ID6GlP9F.html
38756;Ford Focus;C;6.333333333333333;2015;342;1596;Automatyczna;otomoto.pl/osobowe/oferta/ford-focus-stan-bardzo-dobry-ID6Gxc1U.html
38885;Ford S-Max;X;6.644444444444444;2011;308;1999;Automatyczna;otomoto.pl/osobowe/oferta/ford-s-max-rodzinny-minivan-7os-benzyna-automat-203km-wyposazenie-titanium-ID6GBNM2.html
38905;Ford S-Max;X;6.644444444444444;2011;308;1999;Automatyczna;otomoto.pl/osobowe/oferta/ford-s-max-rodzinny-minivan-7os-benzyna-automat-203km-wyposazenie-titanium-ID6GBNM2.html
39041;Ford Mondeo;D;7.110888888888889;2012;320;1999;Automatyczna;otomoto.pl/osobowe/oferta/ford-mondeo-sprzedam-ford-mondeo-mk4-ID6Gnb4F.html
39881;Ford F150;X;12.644444444444444;2005;325;5400;Automatyczna;otomoto.pl/osobowe/oferta/ford-f150-pickup-long-klimatyzacja-5-4-benzyna-4x4-hak-po-calkowitej-renowacji-ID6GAwmb.html
40583;Ford Puma;X;24.4;2023;978;999;Manualna;otomoto.pl/osobowe/oferta/ford-puma-st-line-x-2023r-1-0-ecoboost-hybrid-125-km-m6-demo-ID6GzOJO.html
40668;Ford Focus;C;28.200000000000003;2023;900;999;Automatyczna;otomoto.pl/osobowe/oferta/ford-focus-st-line-x-1-0-ecoboost-mhev-155km-automat-a7-demo-ID6FiXap.html
40762;Ford F150;X;40.0;2008;334;5408;Automatyczna;otomoto.pl/osobowe/oferta/ford-f150-harley-davidson-105th-anniversary-edition-z-2008-roku-ID6GB7Jk.html
40784;Toyota Yaris;B;0.7777777777777778;2002;320;998;Manualna;otomoto.pl/osobowe/oferta/toyota-yaris-toyota-yaris-i-2002-r-benzyna-998-cm3-vvti-65-km-ID6Gzh9x.html
40800;Toyota Avensis;D;1.1777777777777778;2003;347;1794;Manualna;otomoto.pl/osobowe/oferta/toyota-avensis-toyota-avensis-1-8-benzyna-kombi-ID6GdIww.html
40801;Toyota Corolla;C;1.2000000000000002;2004;321;1398;Manualna;otomoto.pl/osobowe/oferta/toyota-corolla-toyota-corolla-1-4-vvt-i-terra-ID6Gkj1w.html
40815;Toyota Yaris;B;1.4;2006;354;1298;Manualna;otomoto.pl/osobowe/oferta/toyota-yaris-toyota-yaris-1-3-bdb-stan-techniczny-krakow-pd-ID6GzrkA.html
40831;Toyota Corolla Verso;X;1.5555555555555556;2005;337;1794;Manualna;otomoto.pl/osobowe/oferta/toyota-corolla-verso-corolla-verso-benzyna-ID6GDOHg.html
40832;Toyota Yaris;B;1.5555555555555556;2007;415;998;Manualna;otomoto.pl/osobowe/oferta/toyota-yaris-toyota-yaris-1-0-benzyna-ID6GCWnm.html
40835;Toyota Corolla Verso;X;1.6222222222222222;2002;330;1795;Manualna;otomoto.pl/osobowe/oferta/toyota-corolla-verso-pierwszy-wlasciciel-salon-japonczyk-ID6GDF1Z.html
40849;Toyota Corolla;C;1.7555555555555555;2002;323;1598;Manualna;otomoto.pl/osobowe/oferta/toyota-corolla-zarejestrowana-doinwestowana-top-stan-ID6GDFIZ.html
40850;Toyota Corolla Verso;X;1.7777777777777777;2002;399;1794;Manualna;otomoto.pl/osobowe/oferta/toyota-corolla-verso-pierwszy-wlasciciel-1-8vvt-i-e12-135-km-japonczyk-nie-turek-ID6GD9v7.html
40852;Toyota Corolla;C;1.7777777777777777;2004;314;1598;Manualna;otomoto.pl/osobowe/oferta/toyota-corolla-toyota-corolla-1-6-vvti-ID6Gd26y.html
40857;Toyota Corolla;C;1.822222222222222;2004;305;1598;Manualna;otomoto.pl/osobowe/oferta/toyota-corolla-toyota-corolla-1-6-110km-2004r-ver-polaris-ID6GCEcf.html
40860;Toyota Avensis;D;1.8888888888888888;2004;328;1794;Manualna;otomoto.pl/osobowe/oferta/toyota-avensis-sprzedam-zadbana-toyote-avensis-1-8-vvt-benzyna-kombi-ID6G7Rvv.html
40864;Toyota Avensis;D;1.8888888888888888;1997;329;1587;Manualna;otomoto.pl/osobowe/oferta/toyota-carina-toyota-carina-1-6-kat-w-bardzo-dobrym-stanie-technicznym-ID6GBwOZ.html
40872;Toyota Corolla;C;1.9977777777777779;2007;350;1398;Manualna;otomoto.pl/osobowe/oferta/toyota-corolla-toyota-corolla-e12-hatchback-2007r-5d-ID6GzsUj.html
40875;Toyota RAV4;SD;2.0;1994;365;1998;Manualna;otomoto.pl/osobowe/oferta/toyota-rav4-ID6Gy7ed.html
40877;Toyota Corolla;C;2.0;1996;318;1599;Manualna;otomoto.pl/osobowe/oferta/toyota-corolla-toyota-corolla-limuzyna-metalik-z-usa-pierwszy-wlasciciel-ID6Gz7Hm.html
40884;Toyota Corolla;C;2.111111111111111;2002;313;1398;Manualna;otomoto.pl/osobowe/oferta/toyota-corolla-toyota-corolla-kombi-2002r-salon-plo-ID6GyIvT.html
40887;Toyota Avensis;D;2.177777777777778;2004;328;1794;Manualna;otomoto.pl/osobowe/oferta/toyota-avensis-toyota-avensis-z-polskiego-salonu-ID6Gzgll.html
40901;Toyota Corolla;C;2.222;2003;373;1398;Manualna;otomoto.pl/osobowe/oferta/toyota-corolla-toyota-corolla-democar-ID6GxM9E.html
40919;Toyota Avensis;D;2.3333333333333335;2004;361;1998;Manualna;otomoto.pl/osobowe/oferta/toyota-avensis-toyota-avensis-ii-t25-2-0-vvt-i-benzyna-108kw-147km-2004-r-ID6GB9Mg.html
40924;Toyota Avensis;D;2.4222222222222225;2003;321;1998;Automatyczna;otomoto.pl/osobowe/oferta/toyota-avensis-toyota-avensis-t25-2003-r-kombi-2-0-benzyna-automat-polski-salon-ID6GAANq.html
40937;Toyota Corolla;C;2.4444444444444446;2006;312;1598;Manualna;otomoto.pl/osobowe/oferta/toyota-corolla-toyota-corolla-szuka-nowego-wlasciciela-ID6FSMZS.html
40958;Toyota Avensis;D;2.6222222222222222;2003;315;1998;Manualna;otomoto.pl/osobowe/oferta/toyota-avensis-sprzedam-toyota-avensis-2003r-2-0-ID6GCmDn.html
40979;Toyota Avensis;D;2.7775555555555558;2005;304;1998;Manualna;otomoto.pl/osobowe/oferta/toyota-avensis-toyota-avensis-2-0-kombi-dobry-stan-prywatnie-ID6GmvDz.html
40980;Toyota Corolla;C;2.7777777777777777;2007;304;1598;Manualna;otomoto.pl/osobowe/oferta/toyota-auris-toyota-auris-i-2007-dual-vvt-i-1-6-124km-benzyna-ID6GhMpV.html
40982;Toyota Corolla Verso;X;2.7777777777777777;2008;335;1794;Manualna;otomoto.pl/osobowe/oferta/toyota-corolla-verso-toyota-corolla-verso-2008-1-8-benzyna-ID6GoU3i.html
40996;Toyota Avensis;D;2.8666666666666667;2003;317;1998;Automatyczna;otomoto.pl/osobowe/oferta/toyota-avensis-1wlasciciel-salon-pl-2-0benz-automat-skory-xenon-el-fotele-gwarancja-ID6FNU9N.html
41001;Toyota Avensis;D;2.888888888888889;2007;312;1794;Manualna;otomoto.pl/osobowe/oferta/toyota-avensis-toyota-avensis-kombi-1-8-benzyna-2007-ID6FYikf.html
41010;Toyota Corolla;C;2.977777777777778;2007;320;1398;Manualna;otomoto.pl/osobowe/oferta/toyota-auris-wlasciciel-od-7-lat-stan-b-dobry-silnik-po-remoncie-klimatyzacja-ID6GnPHr.html
41017;Toyota Celica;X;3.0;2000;340;1794;Manualna;otomoto.pl/osobowe/oferta/toyota-celica-toyota-celica-vii-7-ID6GzrdZ.html
41046;Toyota Avensis;D;3.111111111111111;2007;310;1998;Manualna;otomoto.pl/osobowe/oferta/toyota-avensis-trzeci-wlasciciel-bez-awaryjne-auto-ID6GDpTk.html
41054;Toyota RAV4;SD;3.111111111111111;2001;342;1998;Manualna;otomoto.pl/osobowe/oferta/toyota-rav4-toyota-rav4-2-0-vvt-i-4x4-3-drzwiowa-ID6GDrFh.html
41062;Toyota Yaris;B;3.2222222222222223;2006;301;1298;Manualna;otomoto.pl/osobowe/oferta/toyota-yaris-pierwszy-wlasciciel-2006-ID6GzVv9.html
41073;Toyota Yaris;B;3.3111111111111113;2016;336;998;Manualna;otomoto.pl/osobowe/oferta/toyota-yaris-od-firmy-pelna-fv-vat-ID6GATeI.html
41164;Toyota Celica;X;3.7333333333333334;2000;301;1794;Manualna;otomoto.pl/osobowe/oferta/toyota-celica-1-8-vvt-i-143km-ID6GDzKY.html
41189;Toyota Celica;X;3.7777777777777777;2002;308;1794;Manualna;otomoto.pl/osobowe/oferta/toyota-celica-toyota-celica-1-8-vvt-i-ID6GAfmm.html
41213;Toyota Avensis;D;3.9777777777777774;2008;322;2362;Automatyczna;otomoto.pl/osobowe/oferta/toyota-avensis-toyota-avensis-t25-2008-2-4-automat-ID6GDtCX.html
41234;Toyota Prius;X;3.9997777777777777;2008;360;1497;Automatyczna;otomoto.pl/osobowe/oferta/toyota-prius-promocja-ladna-zadbana-toyota-prius-ii-licencja-lpg-ID6Gnclr.html
41290;Toyota Avensis;D;4.333333333333333;2009;354;1987;Automatyczna;otomoto.pl/osobowe/oferta/toyota-avensis-toyota-avensis-t27-lpg-nowa-cena-ID6GA4M4.html
41345;Toyota RAV4;SD;4.644444444444444;2004;350;1998;Manualna;otomoto.pl/osobowe/oferta/toyota-rav4-toyota-rav-4-2-0-benzyna-4x4-salon-polska-pierwszy-wlasciciel-ID6Gt2bv.html
41354;Toyota Yaris;B;4.666666666666667;2014;321;998;Manualna;otomoto.pl/osobowe/oferta/toyota-yaris-salon-polska-i-wlasciciel-ID6GAr9B.html
41381;Toyota RAV4;SD;4.866666666666666;2004;310;1998;Manualna;otomoto.pl/osobowe/oferta/toyota-rav4-toyota-rav4-4x4-niezawodne-auto-ID6GCWGE.html
41591;Toyota Avensis;D;6.422222222222222;2011;351;1798;Automatyczna;otomoto.pl/osobowe/oferta/toyota-avensis-salon-polska-1-8-147km-premium-automat-bezwypadkowy-serwis-w-aso-ID6GznyH.html
41716;Toyota Corolla;C;7.222222222222222;2018;339;1598;Manualna;otomoto.pl/osobowe/oferta/toyota-corolla-pierwszy-wlasciciel-ID6GAWYs.html
41822;Toyota Corolla;C;7.777777777777778;2017;307;1598;Manualna;otomoto.pl/osobowe/oferta/toyota-auris-toyota-auris-1-6-pb-premium-pakiet-business-ID6GrDtG.html
41890;Toyota Avensis;D;8.222222222222221;2013;318;1987;Manualna;otomoto.pl/osobowe/oferta/toyota-avensis-toyota-avensis-t27-2-0-benzyna-panoramiczny-dach-ID6GDx3z.html
41992;Toyota Highlander;X;9.088888888888889;2008;320;3311;Automatyczna;otomoto.pl/osobowe/oferta/toyota-highlander-toyota-highlander-3300-cm-hybryda-7-osob-bezwypadkowa-ID6GaIBq.html
42045;Toyota RAV4;SD;9.533333333333333;2010;317;1987;Manualna;otomoto.pl/osobowe/oferta/toyota-rav4-toyota-rav4-2-0-4x4-ID6GzUAJ.html
42247;Toyota Avensis;D;10.866666666666667;2016;309;1987;Automatyczna;otomoto.pl/osobowe/oferta/toyota-avensis-toyota-avensis-2-0-benzyna-salon-polska-ID6GAhFX.html
42785;Toyota Yaris;B;15.555555555555555;2020;662;1496;Manualna;otomoto.pl/osobowe/oferta/toyota-yaris-jak-nowy-pachnie-nowoscia-jedyny-taki-na-rynku-tylko-662km-rezerwacja-ID6GDmuH.html
43035;Toyota Aygo;A;17.777555555555555;2023;581;998;Manualna;otomoto.pl/osobowe/oferta/toyota-aygo-x-x-1-0-vvt-i-executive-ID6GzZdb.html
43036;Toyota Aygo;A;17.777555555555555;2023;581;998;Manualna;otomoto.pl/osobowe/oferta/toyota-aygo-x-x-1-0-vvt-i-executive-ID6GzZcY.html
43145;Toyota Yaris;B;19.533333333333335;2023;630;1496;Manualna;otomoto.pl/osobowe/oferta/toyota-yaris-1-5-comfort-style-tech-salon-pl-demo-serwis-aso-fv23-pewne-auto-ID6Gl8u1.html
43356;Toyota Proace;X;28.622222222222224;2022;508;1199;Automatyczna;otomoto.pl/osobowe/oferta/toyota-proace-city-verso-toyota-proace-city-verso-1-2-t-a-t-family-przebieg-tylko-500-km-ID6GCsgU.html
43357;Toyota Proace;X;28.622222222222224;2022;508;1199;Automatyczna;otomoto.pl/osobowe/oferta/toyota-proace-city-verso-toyota-proace-city-verso-1-2-t-a-t-family-przebieg-tylko-500-km-ID6GDIpo.html
43417;Toyota Yaris;B;34.422222222222224;2022;797;1618;Manualna;otomoto.pl/osobowe/oferta/toyota-yaris-gr-1-6-dynamic-salon-pl-gwarancja-ID6GxRDu.html
43441;Toyota Yaris;B;37.75555555555556;2023;524;1618;Manualna;otomoto.pl/osobowe/oferta/toyota-yaris-promocja-do-03-08-od-reki-nowy-500-km-pakiet-sport-biala-perla-ID6GwVKX.html
43470;Toyota Land Cruiser;X;43.333333333333336;2012;311;4608;Automatyczna;otomoto.pl/osobowe/oferta/toyota-land-cruiser-unikatowa-wersja-pierwszy-wlasciciel-ID6GeaHE.html
43475;Toyota Prius;X;43.97777777777778;2023;981;1987;Automatyczna;otomoto.pl/osobowe/oferta/toyota-prius-prius-plug-in-prestige-2-0-hybrid-dynamic-force-223km-samochod-demo-ID6G56l9.html
43489;Opel Astra;C;0.6444444444444444;2006;426;1364;Manualna;otomoto.pl/osobowe/oferta/opel-astra-opel-astra-g-caravan-t98-kombi-90km-ID6GzlS6.html
43490;Opel Insignia;D;0.6444444444444444;2000;385;1799;Manualna;otomoto.pl/osobowe/oferta/opel-vectra-abs-klima-elektryka-poduszki-zadbany-aktualny-przeglad-ubezp-ID6GbrTB.html
43552;Opel Corsa;B;1.2222222222222223;2007;320;1229;Manualna;otomoto.pl/osobowe/oferta/opel-corsa-opel-corsa-d-1-2-dlugie-oplaty-ID6GABmZ.html
43556;Opel Combo;X;1.2222222222222223;2002;315;1589;Manualna;otomoto.pl/osobowe/oferta/opel-combo-opel-combo-osoba-prywatna-ID6GARxR.html
43603;Opel Insignia;D;1.5333333333333334;2003;312;1796;Manualna;otomoto.pl/osobowe/oferta/opel-vectra-opel-vectra-c-1-8-benzyna-ID6GBLMa.html
43610;Opel Astra;C;1.5553333333333332;2009;310;1364;Manualna;otomoto.pl/osobowe/oferta/opel-astra-lift-klima-gtc-serviszadbana-niemcy-okazja-ID6GAzBq.html
43621;Opel Astra;C;1.5777777777777777;1999;353;1796;Manualna;otomoto.pl/osobowe/oferta/opel-astra-astra-g-1-8-16v-sport-recaro-3d-ID6GB7iy.html
43622;Opel Astra;C;1.6;2005;320;1598;Manualna;otomoto.pl/osobowe/oferta/opel-astra-sprzedam-opla-ID6Gzgah.html
43749;Opel Insignia;D;2.111111111111111;2005;324;1998;Manualna;otomoto.pl/osobowe/oferta/opel-vectra-opel-vectra-c-2-0t-cosmo-ID6Gwk6O.html
43829;Opel Omega;X;2.2222222222222223;2002;301;2198;Manualna;otomoto.pl/osobowe/oferta/opel-omega-ID6GBJhL.html
43830;Opel Corsa;B;2.2222222222222223;2009;322;1229;Manualna;otomoto.pl/osobowe/oferta/opel-corsa-opel-corsa-1-2-ID6GAacV.html
43856;Opel Astra;C;2.4222222222222225;2008;369;1598;Manualna;otomoto.pl/osobowe/oferta/opel-astra-1-6i-115km-klimatyzacja-zarejestrowany-ID6GAVXY.html
43873;Opel Astra;C;2.4222222222222225;2007;346;1796;Manualna;otomoto.pl/osobowe/oferta/opel-astra-nawi-klima-ID6GzNLV.html
43879;Opel Astra;C;2.4222222222222225;2008;369;1598;Manualna;otomoto.pl/osobowe/oferta/opel-astra-1-6i-115km-klimatyzacja-zarejestrowany-ID6GAVXY.html
43888;Opel Meriva;MB;2.4444444444444446;2007;337;1364;Manualna;otomoto.pl/osobowe/oferta/opel-meriva-opel-meriva-a-ID6GConW.html
43979;Opel Astra;C;2.6664444444444446;2006;310;1598;Manualna;otomoto.pl/osobowe/oferta/opel-astra-1-6-16v-klimatyzacja-sprawna-z-niemiec-ID6GAh0h.html
44033;Opel Zafira;MC;2.822222222222222;2007;306;1796;Manualna;otomoto.pl/osobowe/oferta/opel-zafira-opel-zafira-2007rok-1-8-benzyna-140-km-tempomat-7-osobowy-ID6GDMqT.html
44135;Opel Signum;X;3.0;2004;305;3175;Manualna;otomoto.pl/osobowe/oferta/opel-signum-vectra-3-2-v6-211km-lpg-ID6GCWTN.html
44481;Opel Insignia;D;3.7777777777777777;2009;400;2792;Automatyczna;otomoto.pl/osobowe/oferta/opel-insignia-opel-insignia-sports-tourer-2-8t-260km-ID6Ged0a.html
44626;Opel Insignia;D;4.199999999999999;2011;322;1598;Manualna;otomoto.pl/osobowe/oferta/opel-insignia-180-km-atrakcyjna-cena-ID6GAwzC.html
44718;Opel Astra;C;4.555555555555555;2015;339;1598;Manualna;otomoto.pl/osobowe/oferta/opel-astra-opel-astra-iv-ID6GaPeE.html
45086;Opel Insignia;D;5.444444444444445;2003;306;1998;Manualna;otomoto.pl/osobowe/oferta/opel-vectra-opel-vectra-c-2-0t-gts-opc-lift-tuning-211km-perelka-ID6GCY4V.html
45273;Opel Astra;C;5.7555555555555555;2019;302;1399;Manualna;otomoto.pl/osobowe/oferta/opel-astra-okazja-1-4-t-150km-salon-pl-pierwszy-wlasciciel-ledy-fv-vat23-ID6GigHe.html
47859;Opel Crossland;SB;18.866666666666667;2022;982;1199;Manualna;otomoto.pl/osobowe/oferta/opel-crossland-x-suv-z-polskiej-sieci-dealerskiej-z-niskim-przebiegiem-982-km-ID6GBibu.html
47866;Opel Corsa;B;18.88888888888889;2023;957;1199;Manualna;otomoto.pl/osobowe/oferta/opel-corsa-opel-corsa-gs-1-2-turbo-100km-ID6GCxpd.html
47961;Opel Astra;C;21.288888888888888;2022;845;1199;Manualna;otomoto.pl/osobowe/oferta/opel-astra-najnowsza-astra-bardzo-bogata-pakiet-biznes-ID6FFsPH.html
47986;Opel Crossland;SB;21.755555555555556;2023;450;1199;Automatyczna;otomoto.pl/osobowe/oferta/opel-crossland-fv-od-dealera-automat-panorama-ID6GkpCz.html
48039;Opel Crossland;SB;23.08888888888889;2022;360;1199;Manualna;otomoto.pl/osobowe/oferta/opel-crossland-salon-polska-bezwypadkowy-i-wlasci-bogata-wersja-przebieg-360km-ID6FLe1E.html
48104;Opel Mokka;SB;24.44222222222222;2023;575;1199;Automatyczna;otomoto.pl/osobowe/oferta/opel-mokka-gs-130-km-automat-demo-i-wl-gwarancja-fv-23-ID6GzIQ2.html
48147;Opel Astra;C;26.644444444444446;2023;820;1199;Automatyczna;otomoto.pl/osobowe/oferta/opel-astra-130km-automat-salon-pl-serwis-aso-fv23-bezwypadkowy-ID6G1GTX.html
48166;Opel Grandland;SC;28.866666666666667;2023;870;1199;Automatyczna;otomoto.pl/osobowe/oferta/opel-grandland-130km-automat-salon-pl-serwis-aso-fv23-bezwypadkowy-ID6G0KEr.html
48172;Opel Grandland;SC;29.110888888888887;2023;466;1199;Automatyczna;otomoto.pl/osobowe/oferta/opel-grandland-pierwszy-wlasciciel-stan-salonowy-ID6Gwsza.html
48190;Citron C4;C;0.7777777777777778;2001;332;1587;Manualna;otomoto.pl/osobowe/oferta/citroen-xsara-sprawny-citroen-xsara-1-6-klima-zamiana-ID6GuMwg.html
48294;Citron C5;X;1.9777777777777779;2006;313;1749;Manualna;otomoto.pl/osobowe/oferta/citroen-c5-stan-bardzo-dobry-bezwypadkowy-oryginalny-przebieg-ID6G62qW.html
48422;Citron C4 SpaceTourer;MC;3.088888888888889;2007;317;1997;Automatyczna;otomoto.pl/osobowe/oferta/citroen-c4-grand-picasso-2-0-16v-lpg-140km-pelen-automat-7-osob-xenon-rej-pl-ID6GCUWc.html
49541;Citron C3;B;15.755555555555556;2023;350;1199;Manualna;otomoto.pl/osobowe/oferta/citroen-c3-citroen-c3-shine-1-2-puretech-83km-demo-ID6G4C4a.html
49707;Citron C4X;X;22.200000000000003;2023;600;1199;Manualna;otomoto.pl/osobowe/oferta/citroen-c4x-okazja-nowy-citroen-c4x-dostepny-od-reki-ID6FsHdx.html
49779;Citron C5X;X;30.577777777777776;2023;500;1199;Manualna;otomoto.pl/osobowe/oferta/citroen-c5x-citroen-c5-x-1-2-pt-130km-feel-pack-rok-produkcji-2023-ID6G1TKs.html
